"sentence_id","Personne"
1220587,"Personne responsable et autonome"
1291195,"Personne responsable et autonome"
1360306,"Personne responsable et autonome"
580205,"Personne responsable et autonome"
700014,"Personne responsable et autonome"
1290902,"Personne à protéger"
870085,"Personne à protéger"
280036,"Individu ou sujet"
710245,"Personne responsable et autonome"
1360726,"Personne à protéger"
580057,"Personne à protéger"
790062,"Personne responsable et autonome"
1250079,"Genre/espèce humaine"
870299,"Personne à protéger"
1360287,"Personne responsable et autonome"
1440271,"Individu ou sujet"
450032,"Genre/espèce humaine"
1390049,"Personne à protéger"
1250431,"Genre/espèce humaine"
770722,"Corps humain"
930350,"Corps humain"
1070205,"Personne à protéger"
180058,"Personne responsable et autonome"
1301177,"Personne responsable et autonome"
250011,"Corps humain"
70016,"Sentiment humain"
820127,"Sentiment humain"
1030268,"Personne à protéger"
1300437,"Personne responsable et autonome"
1390312,"Personne responsable et autonome"
1430644,"Personne responsable et autonome"
270109,"Corps humain"
1400475,"Personne relationnelle"
1230390,"Poubelle"
1301124,"Personne à protéger"
1360573,"Personne à protéger"
930062,"Corps humain"
580190,"Personne à protéger"
750175,"Corps humain"
1431052,"Personne à protéger"
1280381,"Personne relationnelle"
1400557,"Individu ou sujet"
1380540,"Corps humain"
1290339,"Corps humain"
1281430,"Individu ou sujet"
140124,"Personne responsable et autonome"
1300457,"Individu ou sujet"
430507,"Genre/espèce humaine"
20571,"Genre/espèce humaine"
80464,"Corps humain"
1340168,"Individu ou sujet"
140120,"Personne responsable et autonome"
870043,"Personne à protéger"
1330004,"Corps humain"
1300118,"Personne à protéger"
1360637,"Personne relationnelle"
1360406,"Personne à protéger"
710208,"Genre/espèce humaine"
930695,"Corps humain"
1250314,"Genre/espèce humaine"
140037,"Personne responsable et autonome"
590024,"Individu ou sujet"
1240236,"Corps humain"
940686,"Personne à protéger"
430411,"Individu ou sujet"
1250445,"Genre/espèce humaine"
1240040,"Personne à protéger"
1280604,"Personne à protéger"
140535,"Individu ou sujet"
1210158,"Personne relationnelle"
1440523,"Poubelle"
380138,"Personne responsable et autonome"
1291444,"Individu ou sujet"
1260997,"Personne à protéger"
30077,"Genre/espèce humaine"
160013,"Corps humain"
1260473,"Corps humain"
1300985,"Individu ou sujet"
500384,"Personne responsable et autonome"
1270054,"Personne à protéger"
1360663,"Personne responsable et autonome"
1420043,"Personne relationnelle"
1210559,"Personne responsable et autonome"
1280070,"Personne à protéger"
640017,"Genre/espèce humaine"
1280673,"Poubelle"
280185,"Corps humain"
1220603,"Genre/espèce humaine"
1190211,"Personne responsable et autonome"
1440086,"Personne relationnelle"
1210523,"Personne responsable et autonome"
940508,"Individu ou sujet"
1040053,"Personne responsable et autonome"
1431049,"Genre/espèce humaine"
1240901,"Personne à protéger"
1210620,"Sentiment humain"
1370229,"Genre/espèce humaine"
1200681,"Genre/espèce humaine"
1300357,"Individu ou sujet"
680009,"Personne à protéger"
1210030,"Personne relationnelle"
1280481,"Personne relationnelle"
1430701,"Personne responsable et autonome"
540003,"Genre/espèce humaine"
1370303,"Genre/espèce humaine"
1140083,"Individu ou sujet"
1440124,"Personne relationnelle"
580005,"Personne responsable et autonome"
1360374,"Personne relationnelle"
940680,"Individu ou sujet"
530014,"Corps humain"
840415,"Sentiment humain"
270066,"Corps humain"
590400,"Poubelle"
670302,"Personne responsable et autonome"
1210667,"Personne relationnelle"
520023,"Corps humain"
1230414,"Individu ou sujet"
1281400,"Sentiment humain"
1040088,"Individu ou sujet"
1360649,"Personne relationnelle"
1140256,"Personne responsable et autonome"
970201,"Genre/espèce humaine"
1210498,"Personne responsable et autonome"
680159,"Genre/espèce humaine"
760019,"Personne responsable et autonome"
1110126,"Corps humain"
1280975,"Personne à protéger"
1400192,"Personne à protéger"
1360375,"Personne relationnelle"
720350,"Corps humain"
1270247,"Personne à protéger"
500232,"Genre/espèce humaine"
790014,"Genre/espèce humaine"
920073,"Personne à protéger"
1100164,"Personne responsable et autonome"
1120153,"Genre/espèce humaine"
1320027,"Personne responsable et autonome"
1200334,"Personne à protéger"
1280776,"Individu ou sujet"
1280780,"Individu ou sujet"
20662,"Personne relationnelle"
940121,"Personne à protéger"
1120034,"Corps humain"
820419,"Corps humain"
380216,"Genre/espèce humaine"
610187,"Individu ou sujet"
1280945,"Personne à protéger"
600325,"Genre/espèce humaine"
1370257,"Individu ou sujet"
1240918,"Personne relationnelle"
30064,"Personne à protéger"
700029,"Personne responsable et autonome"
1370058,"Individu ou sujet"
1220024,"Corps humain"
1120151,"Corps humain"
600061,"Corps humain"
670369,"Corps humain"
1390340,"Personne à protéger"
1250538,"Genre/espèce humaine"
1370288,"Individu ou sujet"
1110023,"Corps humain"
1360377,"Poubelle"
80557,"Corps humain"
1120053,"Corps humain"
590143,"Individu ou sujet"
600171,"Genre/espèce humaine"
410043,"Individu ou sujet"
810359,"Genre/espèce humaine"
760115,"Personne responsable et autonome"
910028,"Individu ou sujet"
1260397,"Personne responsable et autonome"
1290427,"Sentiment humain"
820364,"Personne à protéger"
80170,"Corps humain"
1180207,"Personne à protéger"
710295,"Personne à protéger"
1320096,"Individu ou sujet"
130019,"Personne responsable et autonome"
1230641,"Personne à protéger"
1270179,"Personne à protéger"
1170347,"Corps humain"
1080134,"Individu ou sujet"
1000009,"Personne relationnelle"
1240174,"Corps humain"
460040,"Corps humain"
1250289,"Genre/espèce humaine"
640130,"Personne responsable et autonome"
1220082,"Personne responsable et autonome"
1291599,"Individu ou sujet"
530255,"Corps humain"
270061,"Corps humain"
1360408,"Personne responsable et autonome"
1430646,"Personne responsable et autonome"
720158,"Corps humain"
540672,"Genre/espèce humaine"
1140220,"Personne à protéger"
1280888,"Personne relationnelle"
790290,"Personne à protéger"
500004,"Corps humain"
1310244,"Personne responsable et autonome"
930302,"Genre/espèce humaine"
980114,"Individu ou sujet"
540523,"Genre/espèce humaine"
1270338,"Personne à protéger"
1020320,"Personne à protéger"
1270324,"Personne relationnelle"
580306,"Personne relationnelle"
1280188,"Individu ou sujet"
980106,"Personne à protéger"
1420384,"Poubelle"
490054,"Personne à protéger"
1120739,"Corps humain"
1300435,"Individu ou sujet"
1120195,"Corps humain"
140417,"Personne relationnelle"
1210803,"Personne relationnelle"
1270257,"Personne à protéger"
120014,"Genre/espèce humaine"
210023,"Personne à protéger"
820190,"Genre/espèce humaine"
670169,"Personne responsable et autonome"
900443,"Personne à protéger"
1291655,"Personne relationnelle"
1280040,"Individu ou sujet"
540578,"Genre/espèce humaine"
1210624,"Personne à protéger"
940717,"Personne à protéger"
1180064,"Personne responsable et autonome"
1200528,"Personne relationnelle"
1390214,"Genre/espèce humaine"
940308,"Individu ou sujet"
810302,"Individu ou sujet"
1301146,"Individu ou sujet"
1320089,"Personne responsable et autonome"
820228,"Corps humain"
1110129,"Genre/espèce humaine"
670164,"Personne responsable et autonome"
960001,"Personne à protéger"
1040185,"Poubelle"
870021,"Personne responsable et autonome"
1430822,"Personne relationnelle"
540426,"Corps humain"
900547,"Personne responsable et autonome"
80138,"Corps humain"
1200462,"Personne à protéger"
1430070,"Personne à protéger"
870364,"Personne responsable et autonome"
700106,"Personne relationnelle"
720351,"Corps humain"
870499,"Personne à protéger"
1250213,"Genre/espèce humaine"
1360546,"Personne relationnelle"
1400305,"Individu ou sujet"
80538,"Corps humain"
1410661,"Genre/espèce humaine"
1260319,"Individu ou sujet"
1280623,"Personne à protéger"
840051,"Personne à protéger"
1390090,"Personne relationnelle"
810015,"Personne à protéger"
790391,"Personne à protéger"
1200618,"Genre/espèce humaine"
1270147,"Personne à protéger"
1200359,"Personne relationnelle"
1360339,"Personne relationnelle"
1120745,"Corps humain"
1100174,"Personne à protéger"
1120474,"Corps humain"
430655,"Personne relationnelle"
940654,"Individu ou sujet"
600245,"Individu ou sujet"
770222,"Personne responsable et autonome"
10064,"Corps humain"
580416,"Personne responsable et autonome"
500305,"Corps humain"
580176,"Personne à protéger"
610052,"Corps humain"
1281238,"Poubelle"
1250428,"Genre/espèce humaine"
1360345,"Personne à protéger"
770427,"Personne responsable et autonome"
1180194,"Personne responsable et autonome"
430619,"Individu ou sujet"
1120190,"Corps humain"
1190266,"Personne responsable et autonome"
190047,"Corps humain"
1300300,"Genre/espèce humaine"
1060206,"Personne à protéger"
1270393,"Personne à protéger"
1360033,"Personne relationnelle"
940507,"Individu ou sujet"
1200731,"Corps humain"
140017,"Individu ou sujet"
140380,"Personne relationnelle"
1210050,"Personne responsable et autonome"
650283,"Sentiment humain"
1120090,"Sentiment humain"
1020190,"Personne à protéger"
1010064,"Genre/espèce humaine"
1280208,"Personne relationnelle"
1370411,"Individu ou sujet"
60156,"Personne relationnelle"
790003,"Personne relationnelle"
140035,"Personne relationnelle"
1120568,"Corps humain"
540679,"Genre/espèce humaine"
580167,"Individu ou sujet"
1290849,"Personne relationnelle"
580301,"Personne responsable et autonome"
600509,"Personne relationnelle"
1430794,"Personne responsable et autonome"
540522,"Genre/espèce humaine"
1120436,"Corps humain"
1430276,"Individu ou sujet"
1140223,"Personne à protéger"
1040175,"Personne responsable et autonome"
360049,"Corps humain"
1291274,"Genre/espèce humaine"
1390747,"Individu ou sujet"
1320113,"Personne responsable et autonome"
850011,"Genre/espèce humaine"
530076,"Corps humain"
460208,"Corps humain"
820277,"Corps humain"
1040033,"Personne relationnelle"
1210556,"Personne responsable et autonome"
1060264,"Individu ou sujet"
1010270,"Personne à protéger"
1120539,"Corps humain"
980025,"Corps humain"
1060319,"Personne à protéger"
940726,"Personne à protéger"
790333,"Personne relationnelle"
790318,"Personne relationnelle"
1380468,"Genre/espèce humaine"
600511,"Personne à protéger"
790005,"Personne responsable et autonome"
1120416,"Corps humain"
580308,"Personne relationnelle"
940352,"Individu ou sujet"
1280420,"Personne relationnelle"
1430245,"Corps humain"
1210221,"Personne responsable et autonome"
870470,"Personne relationnelle"
900430,"Genre/espèce humaine"
940289,"Individu ou sujet"
1020347,"Personne à protéger"
930489,"Corps humain"
1380414,"Genre/espèce humaine"
1301272,"Individu ou sujet"
1360608,"Personne relationnelle"
1330120,"Personne à protéger"
600505,"Corps humain"
1210241,"Personne à protéger"
140400,"Personne responsable et autonome"
1280159,"Personne responsable et autonome"
1030054,"Personne relationnelle"
380055,"Personne à protéger"
880062,"Personne à protéger"
820095,"Corps humain"
870410,"Personne responsable et autonome"
40085,"Personne responsable et autonome"
1290246,"Genre/espèce humaine"
380007,"Genre/espèce humaine"
1240351,"Corps humain"
1280353,"Personne relationnelle"
930238,"Corps humain"
1281053,"Personne relationnelle"
1220661,"Genre/espèce humaine"
790262,"Personne relationnelle"
780133,"Personne responsable et autonome"
850041,"Personne relationnelle"
1360635,"Personne relationnelle"
450537,"Individu ou sujet"
450540,"Individu ou sujet"
1150276,"Genre/espèce humaine"
670228,"Personne responsable et autonome"
490124,"Personne à protéger"
670170,"Personne responsable et autonome"
1290829,"Corps humain"
1330133,"Genre/espèce humaine"
760104,"Personne à protéger"
980060,"Genre/espèce humaine"
1210579,"Personne responsable et autonome"
1120683,"Corps humain"
1380513,"Genre/espèce humaine"
490441,"Personne à protéger"
1280751,"Individu ou sujet"
1240400,"Personne responsable et autonome"
780186,"Personne à protéger"
10084,"Corps humain"
1291198,"Personne relationnelle"
840339,"Genre/espèce humaine"
1220563,"Genre/espèce humaine"
580213,"Personne à protéger"
600492,"Personne responsable et autonome"
1400072,"Individu ou sujet"
1300621,"Corps humain"
1281047,"Personne à protéger"
1390800,"Personne à protéger"
640041,"Corps humain"
390090,"Individu ou sujet"
1040213,"Individu ou sujet"
1120265,"Corps humain"
270107,"Corps humain"
80657,"Corps humain"
1291096,"Personne relationnelle"
1190328,"Personne relationnelle"
950044,"Personne à protéger"
820284,"Corps humain"
80651,"Corps humain"
1140012,"Individu ou sujet"
1210979,"Personne relationnelle"
600287,"Personne à protéger"
980215,"Individu ou sujet"
50217,"Individu ou sujet"
1291478,"Personne à protéger"
360052,"Personne à protéger"
1280090,"Personne à protéger"
1430247,"Personne relationnelle"
1360497,"Personne responsable et autonome"
1210491,"Personne responsable et autonome"
820207,"Sentiment humain"
1300048,"Genre/espèce humaine"
140226,"Individu ou sujet"
500401,"Personne responsable et autonome"
980024,"Corps humain"
900086,"Genre/espèce humaine"
600307,"Genre/espèce humaine"
1440199,"Personne à protéger"
1110052,"Genre/espèce humaine"
1360295,"Personne responsable et autonome"
740179,"Corps humain"
690037,"Personne relationnelle"
900449,"Personne à protéger"
1290354,"Personne à protéger"
1210173,"Personne relationnelle"
1260984,"Corps humain"
1280538,"Personne à protéger"
710352,"Personne à protéger"
940071,"Individu ou sujet"
1010261,"Individu ou sujet"
1400275,"Personne relationnelle"
930493,"Genre/espèce humaine"
1410686,"Personne responsable et autonome"
1240498,"Corps humain"
1250273,"Genre/espèce humaine"
1370165,"Personne à protéger"
1330203,"Individu ou sujet"
140402,"Personne relationnelle"
1210724,"Individu ou sujet"
1430645,"Personne à protéger"
820354,"Corps humain"
670341,"Genre/espèce humaine"
1190279,"Personne responsable et autonome"
1360636,"Personne relationnelle"
820212,"Corps humain"
1390241,"Personne relationnelle"
720144,"Personne à protéger"
220001,"Corps humain"
380350,"Individu ou sujet"
1280143,"Personne à protéger"
570483,"Individu ou sujet"
790389,"Personne à protéger"
180136,"Genre/espèce humaine"
1320198,"Individu ou sujet"
1431057,"Personne à protéger"
1260646,"Personne à protéger"
1280084,"Individu ou sujet"
1260166,"Personne responsable et autonome"
630170,"Personne responsable et autonome"
1240845,"Corps humain"
1150063,"Personne à protéger"
80133,"Personne à protéger"
1120788,"Corps humain"
10032,"Corps humain"
1290878,"Individu ou sujet"
1120111,"Corps humain"
1120613,"Corps humain"
1360233,"Personne relationnelle"
1120811,"Corps humain"
1300533,"Individu ou sujet"
390094,"Individu ou sujet"
1280891,"Personne à protéger"
230000,"Corps humain"
760118,"Personne relationnelle"
1400006,"Individu ou sujet"
1300802,"Individu ou sujet"
1210580,"Personne responsable et autonome"
80060,"Corps humain"
80392,"Corps humain"
1281221,"Personne relationnelle"
940301,"Individu ou sujet"
1360592,"Sentiment humain"
520007,"Corps humain"
310037,"Personne responsable et autonome"
10035,"Corps humain"
1280687,"Individu ou sujet"
570365,"Personne relationnelle"
700006,"Personne relationnelle"
1010127,"Individu ou sujet"
1360531,"Personne relationnelle"
1430565,"Genre/espèce humaine"
860015,"Personne relationnelle"
80732,"Corps humain"
1370478,"Individu ou sujet"
1370225,"Personne à protéger"
530060,"Corps humain"
80525,"Genre/espèce humaine"
1210457,"Personne responsable et autonome"
740121,"Individu ou sujet"
1210937,"Personne à protéger"
250107,"Personne relationnelle"
1100143,"Personne relationnelle"
650155,"Personne à protéger"
630239,"Genre/espèce humaine"
1210935,"Personne à protéger"
1280521,"Individu ou sujet"
1110187,"Personne responsable et autonome"
870535,"Personne relationnelle"
1380318,"Genre/espèce humaine"
930681,"Corps humain"
1200178,"Personne à protéger"
140370,"Corps humain"
1220680,"Individu ou sujet"
1240978,"Personne relationnelle"
490048,"Personne relationnelle"
1280800,"Personne responsable et autonome"
1140257,"Personne à protéger"
590296,"Personne responsable et autonome"
1190292,"Personne responsable et autonome"
1120166,"Genre/espèce humaine"
930182,"Corps humain"
1200604,"Genre/espèce humaine"
1380087,"Personne à protéger"
20557,"Corps humain"
140382,"Personne à protéger"
1280489,"Personne relationnelle"
1390634,"Personne relationnelle"
900032,"Personne à protéger"
1040057,"Individu ou sujet"
1110086,"Corps humain"
80000,"Corps humain"
1301227,"Personne à protéger"
700186,"Personne responsable et autonome"
540542,"Corps humain"
80629,"Corps humain"
1280967,"Individu ou sujet"
1210481,"Personne responsable et autonome"
780049,"Individu ou sujet"
1390154,"Personne à protéger"
1150221,"Individu ou sujet"
1190207,"Personne relationnelle"
1220095,"Individu ou sujet"
1280542,"Genre/espèce humaine"
1430525,"Personne à protéger"
770145,"Individu ou sujet"
530162,"Corps humain"
1280889,"Personne responsable et autonome"
770326,"Personne relationnelle"
1410314,"Genre/espèce humaine"
1290707,"Individu ou sujet"
80049,"Corps humain"
1270343,"Personne à protéger"
1380359,"Corps humain"
1210738,"Personne responsable et autonome"
670144,"Corps humain"
810380,"Genre/espèce humaine"
570889,"Individu ou sujet"
170011,"Personne à protéger"
670033,"Corps humain"
1120462,"Corps humain"
1120373,"Corps humain"
1150236,"Genre/espèce humaine"
1010043,"Individu ou sujet"
1210647,"Individu ou sujet"
1250395,"Genre/espèce humaine"
1210497,"Personne relationnelle"
1370088,"Personne relationnelle"
320042,"Corps humain"
80333,"Corps humain"
790047,"Personne à protéger"
1390675,"Personne à protéger"
780074,"Individu ou sujet"
140554,"Personne relationnelle"
940383,"Individu ou sujet"
1400417,"Individu ou sujet"
1240037,"Corps humain"
1380426,"Corps humain"
1240373,"Genre/espèce humaine"
1260343,"Genre/espèce humaine"
380212,"Genre/espèce humaine"
820122,"Sentiment humain"
1400158,"Individu ou sujet"
770473,"Corps humain"
140559,"Individu ou sujet"
640004,"Corps humain"
30148,"Individu ou sujet"
780378,"Personne à protéger"
530128,"Corps humain"
940060,"Individu ou sujet"
1370043,"Personne à protéger"
710194,"Personne relationnelle"
1230177,"Individu ou sujet"
1090214,"Genre/espèce humaine"
1330474,"Corps humain"
1290825,"Personne relationnelle"
1290295,"Personne responsable et autonome"
1180240,"Personne responsable et autonome"
1210298,"Personne responsable et autonome"
770055,"Individu ou sujet"
500370,"Personne à protéger"
1211081,"Personne relationnelle"
1431006,"Individu ou sujet"
1400165,"Individu ou sujet"
940153,"Personne à protéger"
1060183,"Individu ou sujet"
1190261,"Personne responsable et autonome"
1310288,"Individu ou sujet"
1291327,"Genre/espèce humaine"
540503,"Genre/espèce humaine"
1240866,"Corps humain"
1280711,"Individu ou sujet"
1390163,"Personne relationnelle"
1430359,"Personne responsable et autonome"
930133,"Individu ou sujet"
1390617,"Personne relationnelle"
1280881,"Personne à protéger"
1241065,"Personne responsable et autonome"
1190416,"Individu ou sujet"
540687,"Corps humain"
590376,"Individu ou sujet"
130011,"Personne responsable et autonome"
1060235,"Personne à protéger"
1100010,"Personne responsable et autonome"
1210764,"Personne relationnelle"
380022,"Genre/espèce humaine"
1440150,"Individu ou sujet"
630304,"Personne relationnelle"
1210296,"Personne relationnelle"
1150111,"Personne relationnelle"
1120460,"Corps humain"
1390005,"Personne relationnelle"
1120338,"Corps humain"
570353,"Individu ou sujet"
1220350,"Individu ou sujet"
1180200,"Personne responsable et autonome"
1280759,"Individu ou sujet"
80420,"Corps humain"
270000,"Corps humain"
90046,"Personne responsable et autonome"
1281033,"Individu ou sujet"
1291372,"Personne relationnelle"
580220,"Personne à protéger"
1240996,"Personne relationnelle"
1301182,"Individu ou sujet"
180077,"Genre/espèce humaine"
1250507,"Genre/espèce humaine"
630043,"Genre/espèce humaine"
80635,"Corps humain"
330005,"Personne à protéger"
210017,"Corps humain"
1280272,"Individu ou sujet"
1300988,"Corps humain"
1390508,"Individu ou sujet"
770051,"Individu ou sujet"
870402,"Personne responsable et autonome"
1180048,"Personne relationnelle"
1240823,"Personne relationnelle"
1030155,"Genre/espèce humaine"
1190415,"Individu ou sujet"
30270,"Personne relationnelle"
1100188,"Individu ou sujet"
860089,"Personne responsable et autonome"
570528,"Individu ou sujet"
1210322,"Personne relationnelle"
1180100,"Personne responsable et autonome"
580100,"Personne à protéger"
1300844,"Personne responsable et autonome"
10063,"Corps humain"
500029,"Personne responsable et autonome"
770329,"Personne responsable et autonome"
830260,"Personne responsable et autonome"
930609,"Corps humain"
460744,"Individu ou sujet"
1370143,"Individu ou sujet"
1380134,"Genre/espèce humaine"
1360200,"Personne relationnelle"
1301338,"Personne à protéger"
1210349,"Personne responsable et autonome"
680029,"Individu ou sujet"
770438,"Personne responsable et autonome"
630409,"Personne à protéger"
800071,"Individu ou sujet"
1080088,"Personne relationnelle"
850051,"Individu ou sujet"
1330030,"Corps humain"
770483,"Individu ou sujet"
490059,"Personne relationnelle"
1290564,"Corps humain"
1280766,"Personne à protéger"
1320287,"Personne responsable et autonome"
1280634,"Genre/espèce humaine"
1120089,"Corps humain"
1390096,"Individu ou sujet"
1330477,"Corps humain"
1291469,"Genre/espèce humaine"
590244,"Personne relationnelle"
1431053,"Personne à protéger"
870068,"Personne à protéger"
1260437,"Personne relationnelle"
1210208,"Personne responsable et autonome"
1060067,"Individu ou sujet"
1280229,"Personne relationnelle"
10027,"Corps humain"
70060,"Corps humain"
1280928,"Personne à protéger"
1200495,"Genre/espèce humaine"
770242,"Corps humain"
30245,"Personne responsable et autonome"
880051,"Personne relationnelle"
1120305,"Corps humain"
600333,"Individu ou sujet"
1390118,"Sentiment humain"
940711,"Personne à protéger"
810115,"Personne responsable et autonome"
1420330,"Personne à protéger"
80140,"Corps humain"
1250460,"Genre/espèce humaine"
1210155,"Personne relationnelle"
500255,"Personne responsable et autonome"
460662,"Genre/espèce humaine"
1200499,"Personne à protéger"
840403,"Personne relationnelle"
1270310,"Personne à protéger"
770221,"Individu ou sujet"
1291667,"Personne relationnelle"
1200609,"Personne à protéger"
1280803,"Sentiment humain"
1241121,"Corps humain"
1360657,"Poubelle"
630382,"Individu ou sujet"
380011,"Genre/espèce humaine"
1380402,"Corps humain"
770060,"Individu ou sujet"
1020295,"Individu ou sujet"
870501,"Personne à protéger"
20669,"Individu ou sujet"
870432,"Personne relationnelle"
820441,"Personne à protéger"
1210163,"Personne relationnelle"
950096,"Individu ou sujet"
1290689,"Personne à protéger"
530170,"Corps humain"
1370268,"Sentiment humain"
1360388,"Sentiment humain"
700197,"Individu ou sujet"
1310372,"Personne à protéger"
1210686,"Personne à protéger"
1270135,"Individu ou sujet"
20582,"Personne responsable et autonome"
1260965,"Individu ou sujet"
1120401,"Corps humain"
540475,"Genre/espèce humaine"
520002,"Corps humain"
1430923,"Individu ou sujet"
460118,"Individu ou sujet"
600263,"Genre/espèce humaine"
970008,"Corps humain"
630305,"Personne responsable et autonome"
1410781,"Genre/espèce humaine"
1210066,"Individu ou sujet"
1020057,"Personne responsable et autonome"
1390584,"Personne à protéger"
490185,"Personne responsable et autonome"
930375,"Corps humain"
460607,"Personne à protéger"
900002,"Poubelle"
450107,"Individu ou sujet"
880087,"Individu ou sujet"
470000,"Individu ou sujet"
1060261,"Personne à protéger"
710284,"Personne à protéger"
1070247,"Individu ou sujet"
580620,"Personne relationnelle"
1380174,"Personne responsable et autonome"
140143,"Individu ou sujet"
770586,"Genre/espèce humaine"
770165,"Genre/espèce humaine"
640100,"Corps humain"
770704,"Personne responsable et autonome"
1390481,"Personne relationnelle"
600035,"Corps humain"
750190,"Individu ou sujet"
630217,"Personne relationnelle"
290010,"Genre/espèce humaine"
760066,"Personne responsable et autonome"
720359,"Corps humain"
500278,"Personne relationnelle"
1430816,"Individu ou sujet"
1261091,"Personne responsable et autonome"
1290715,"Personne responsable et autonome"
940393,"Individu ou sujet"
1080026,"Personne relationnelle"
540657,"Corps humain"
1190422,"Individu ou sujet"
460077,"Individu ou sujet"
1380165,"Genre/espèce humaine"
940697,"Sentiment humain"
930688,"Corps humain"
1241057,"Personne responsable et autonome"
630140,"Personne relationnelle"
940691,"Sentiment humain"
1210228,"Personne responsable et autonome"
600272,"Personne responsable et autonome"
1430111,"Personne responsable et autonome"
1020246,"Genre/espèce humaine"
560011,"Personne à protéger"
1190262,"Personne relationnelle"
620063,"Individu ou sujet"
530165,"Corps humain"
1190222,"Personne à protéger"
1120434,"Corps humain"
1330284,"Corps humain"
1020312,"Poubelle"
540374,"Corps humain"
940259,"Personne à protéger"
980174,"Personne à protéger"
1280014,"Individu ou sujet"
1230614,"Individu ou sujet"
1440527,"Individu ou sujet"
1210681,"Personne à protéger"
820001,"Corps humain"
270127,"Genre/espèce humaine"
570277,"Sentiment humain"
1390252,"Personne à protéger"
1180053,"Personne responsable et autonome"
1280765,"Personne à protéger"
40003,"Personne responsable et autonome"
770451,"Corps humain"
80621,"Corps humain"
1190347,"Personne responsable et autonome"
500403,"Personne responsable et autonome"
1390275,"Corps humain"
870141,"Personne responsable et autonome"
1050090,"Corps humain"
1320110,"Personne relationnelle"
1200418,"Genre/espèce humaine"
570051,"Corps humain"
1280667,"Individu ou sujet"
580413,"Personne à protéger"
1110206,"Genre/espèce humaine"
1210197,"Personne responsable et autonome"
1320404,"Individu ou sujet"
1150163,"Personne responsable et autonome"
1250174,"Genre/espèce humaine"
820043,"Corps humain"
670103,"Corps humain"
600336,"Individu ou sujet"
1370431,"Individu ou sujet"
1190249,"Personne à protéger"
1270268,"Individu ou sujet"
1300005,"Personne à protéger"
1240959,"Personne relationnelle"
1060365,"Personne responsable et autonome"
1330560,"Genre/espèce humaine"
590401,"Individu ou sujet"
1380561,"Individu ou sujet"
1190093,"Personne responsable et autonome"
380334,"Personne à protéger"
770039,"Personne à protéger"
1240139,"Genre/espèce humaine"
1280062,"Personne à protéger"
1410458,"Sentiment humain"
1360231,"Personne relationnelle"
420279,"Corps humain"
940059,"Individu ou sujet"
1180019,"Personne à protéger"
920114,"Individu ou sujet"
1210669,"Personne relationnelle"
1320009,"Sentiment humain"
80027,"Corps humain"
1261110,"Corps humain"
1150288,"Personne responsable et autonome"
920055,"Individu ou sujet"
940317,"Personne à protéger"
700068,"Individu ou sujet"
190052,"Corps humain"
20315,"Personne relationnelle"
1380119,"Corps humain"
670122,"Corps humain"
700101,"Personne responsable et autonome"
640002,"Corps humain"
960048,"Corps humain"
460752,"Corps humain"
1291627,"Personne à protéger"
1080120,"Individu ou sujet"
1291197,"Genre/espèce humaine"
1150044,"Personne responsable et autonome"
470040,"Personne à protéger"
1261097,"Corps humain"
600393,"Personne responsable et autonome"
1040012,"Personne responsable et autonome"
450633,"Genre/espèce humaine"
900361,"Sentiment humain"
1260504,"Corps humain"
590199,"Individu ou sujet"
920071,"Individu ou sujet"
770237,"Personne responsable et autonome"
1130182,"Individu ou sujet"
1020050,"Personne relationnelle"
1110021,"Genre/espèce humaine"
670126,"Corps humain"
1210467,"Personne responsable et autonome"
80676,"Corps humain"
1291157,"Personne relationnelle"
1380422,"Genre/espèce humaine"
1291661,"Personne responsable et autonome"
490276,"Personne responsable et autonome"
820186,"Sentiment humain"
1280722,"Individu ou sujet"
250123,"Personne responsable et autonome"
490096,"Personne à protéger"
770230,"Corps humain"
80269,"Corps humain"
1120883,"Corps humain"
1120423,NA
1410181,"Individu ou sujet"
1050041,"Corps humain"
1290254,"Genre/espèce humaine"
260008,"Genre/espèce humaine"
1110012,"Personne à protéger"
1120570,"Corps humain"
500369,"Personne relationnelle"
1040103,"Personne relationnelle"
1370400,"Personne à protéger"
820258,"Sentiment humain"
760048,"Personne responsable et autonome"
1301074,"Corps humain"
1260415,"Personne relationnelle"
1260853,"Individu ou sujet"
1140224,"Corps humain"
540056,"Corps humain"
540395,"Genre/espèce humaine"
740126,"Individu ou sujet"
1280878,"Personne à protéger"
1240830,"Personne responsable et autonome"
1310385,"Individu ou sujet"
1060295,"Personne à protéger"
490043,"Personne relationnelle"
1170139,"Corps humain"
900159,"Personne responsable et autonome"
140173,"Individu ou sujet"
930284,"Corps humain"
1290894,"Corps humain"
220007,"Corps humain"
590105,"Individu ou sujet"
1120868,"Genre/espèce humaine"
1110022,"Genre/espèce humaine"
1360143,"Genre/espèce humaine"
1050176,"Corps humain"
1380479,"Genre/espèce humaine"
1440160,"Individu ou sujet"
970076,"Personne relationnelle"
910048,"Individu ou sujet"
1120534,"Corps humain"
1250508,"Genre/espèce humaine"
600487,"Corps humain"
1410632,"Genre/espèce humaine"
590151,"Personne responsable et autonome"
960183,"Genre/espèce humaine"
760111,"Personne responsable et autonome"
790063,"Personne à protéger"
1291028,"Individu ou sujet"
1210434,"Personne relationnelle"
1380316,"Genre/espèce humaine"
1420381,"Personne relationnelle"
1210518,"Personne relationnelle"
870258,"Personne relationnelle"
1240064,"Corps humain"
380188,"Individu ou sujet"
580472,"Personne relationnelle"
590112,"Personne responsable et autonome"
940721,"Sentiment humain"
770196,"Individu ou sujet"
1050150,"Corps humain"
1290055,"Genre/espèce humaine"
590039,"Individu ou sujet"
110036,"Genre/espèce humaine"
1120464,"Corps humain"
590212,"Individu ou sujet"
280182,"Corps humain"
930483,"Corps humain"
20620,"Individu ou sujet"
940357,"Individu ou sujet"
1210672,"Personne à protéger"
1210039,"Personne à protéger"
1261412,"Genre/espèce humaine"
490238,"Individu ou sujet"
1260318,"Individu ou sujet"
80661,"Genre/espèce humaine"
1300557,"Personne à protéger"
1270371,"Individu ou sujet"
1060302,"Individu ou sujet"
1280897,"Personne relationnelle"
1240042,"Genre/espèce humaine"
530000,"Corps humain"
1290700,"Genre/espèce humaine"
140482,"Personne responsable et autonome"
140338,"Individu ou sujet"
540546,"Sentiment humain"
490146,"Personne relationnelle"
80728,"Corps humain"
780276,"Genre/espèce humaine"
1390069,"Personne relationnelle"
1420298,"Personne responsable et autonome"
1180121,"Personne responsable et autonome"
1410178,"Genre/espèce humaine"
1430180,"Individu ou sujet"
1410142,"Genre/espèce humaine"
1040031,"Personne relationnelle"
1190330,"Personne responsable et autonome"
1280503,"Individu ou sujet"
270002,"Corps humain"
80735,"Corps humain"
940083,"Individu ou sujet"
80607,"Corps humain"
1380074,"Genre/espèce humaine"
1410053,"Genre/espèce humaine"
530223,"Corps humain"
30169,"Individu ou sujet"
540452,"Corps humain"
1390647,"Personne responsable et autonome"
1210536,"Personne relationnelle"
820385,"Personne à protéger"
1300013,"Personne à protéger"
410058,"Individu ou sujet"
1240072,"Corps humain"
20502,"Genre/espèce humaine"
80023,"Corps humain"
1410710,"Personne responsable et autonome"
1390393,"Personne responsable et autonome"
590365,"Individu ou sujet"
1210195,"Sentiment humain"
1050089,"Sentiment humain"
1230132,"Individu ou sujet"
1330529,"Genre/espèce humaine"
80390,"Corps humain"
540499,"Corps humain"
920001,"Personne relationnelle"
820142,"Sentiment humain"
1220629,"Individu ou sujet"
1210079,"Individu ou sujet"
1210153,"Personne à protéger"
670012,"Corps humain"
550022,"Individu ou sujet"
1250426,"Genre/espèce humaine"
1320006,"Personne relationnelle"
490005,"Personne à protéger"
1291125,"Personne relationnelle"
530037,"Corps humain"
140156,"Personne à protéger"
1290279,"Genre/espèce humaine"
1210347,"Personne responsable et autonome"
1010281,"Sentiment humain"
140439,"Personne relationnelle"
1291587,"Personne à protéger"
1290854,"Personne responsable et autonome"
1360211,"Genre/espèce humaine"
1150144,"Personne relationnelle"
1300998,"Corps humain"
80059,"Corps humain"
280040,"Corps humain"
1330115,"Corps humain"
1230475,"Personne responsable et autonome"
1050201,"Genre/espèce humaine"
1240837,"Personne à protéger"
40055,"Personne responsable et autonome"
760003,"Personne à protéger"
600384,"Genre/espèce humaine"
1370439,"Genre/espèce humaine"
1390626,"Personne responsable et autonome"
1360394,"Personne relationnelle"
850065,"Personne à protéger"
540199,"Poubelle"
1280814,"Personne responsable et autonome"
1130224,"Corps humain"
770233,NA
1190160,"Individu ou sujet"
570776,"Personne à protéger"
1410706,"Personne relationnelle"
530085,"Corps humain"
1280709,"Individu ou sujet"
880002,"Individu ou sujet"
1120730,"Corps humain"
1420173,"Personne à protéger"
870280,"Personne relationnelle"
530224,"Corps humain"
270126,"Genre/espèce humaine"
1150127,"Individu ou sujet"
80526,"Corps humain"
590045,"Personne à protéger"
1230335,"Individu ou sujet"
1360104,"Personne relationnelle"
1420276,"Personne relationnelle"
1410459,"Individu ou sujet"
1300996,"Individu ou sujet"
70025,"Genre/espèce humaine"
1220652,"Genre/espèce humaine"
500149,"Personne responsable et autonome"
940497,"Personne relationnelle"
1200720,"Corps humain"
1410684,"Individu ou sujet"
1420311,"Personne à protéger"
1120199,"Corps humain"
460025,"Corps humain"
1030129,"Personne à protéger"
1180204,"Personne à protéger"
1030358,"Individu ou sujet"
380014,"Individu ou sujet"
580590,"Genre/espèce humaine"
1020056,"Sentiment humain"
1270064,"Individu ou sujet"
140212,"Personne responsable et autonome"
80652,"Corps humain"
380056,"Personne responsable et autonome"
1210402,"Personne à protéger"
580805,"Individu ou sujet"
1370123,"Personne à protéger"
580585,"Individu ou sujet"
40012,"Individu ou sujet"
1330505,"Corps humain"
820132,"Genre/espèce humaine"
490206,"Personne responsable et autonome"
770310,"Individu ou sujet"
1190165,"Personne relationnelle"
1390388,"Personne responsable et autonome"
550015,"Corps humain"
1360437,"Individu ou sujet"
1120067,NA
900167,NA
870550,"Personne relationnelle"
1290186,NA
250110,NA
1330246,NA
1430999,NA
940552,NA
1301094,"Personne responsable et autonome"
640111,"Corps humain"
1310031,"Personne responsable et autonome"
1241186,NA
1210840,NA
930003,NA
230001,NA
1280088,"Individu ou sujet"
1040035,"Personne responsable et autonome"
980211,NA
1120537,NA
940750,"Personne relationnelle"
160011,NA
140426,NA
1120075,NA
1390398,NA
830034,"Personne à protéger"
1281025,NA
670348,"Genre/espèce humaine"
80685,"Corps humain"
1280288,NA
1010288,NA
1300562,"Personne responsable et autonome"
860068,NA
790376,NA
540688,"Sentiment humain"
1250398,"Genre/espèce humaine"
940623,NA
1200492,"Personne à protéger"
970252,"Individu ou sujet"
370011,"Personne relationnelle"
1230015,"Personne relationnelle"
1040138,NA
770320,"Personne responsable et autonome"
530051,NA
1230482,"Genre/espèce humaine"
870463,"Personne relationnelle"
1380400,"Genre/espèce humaine"
540570,NA
140114,NA
980192,"Personne responsable et autonome"
650090,NA
1390036,"Personne relationnelle"
380312,"Personne à protéger"
830304,NA
1280008,"Personne relationnelle"
80176,NA
960155,NA
770432,NA
1140079,NA
610081,NA
1291138,"Sentiment humain"
1360600,"Personne relationnelle"
1210048,NA
180054,NA
60137,"Personne relationnelle"
80573,"Corps humain"
1190383,NA
460012,NA
810260,"Genre/espèce humaine"
860057,"Personne responsable et autonome"
860170,"Individu ou sujet"
1281052,NA
640042,"Genre/espèce humaine"
460111,"Genre/espèce humaine"
540510,NA
940313,"Individu ou sujet"
1100123,"Individu ou sujet"
180076,"Corps humain"
630061,"Personne à protéger"
820206,"Personne relationnelle"
1120890,NA
1200616,"Genre/espèce humaine"
1280764,NA
1400291,"Personne relationnelle"
1330351,NA
770447,NA
460696,NA
80547,"Genre/espèce humaine"
1280283,NA
1370338,NA
1330051,NA
1290895,NA
770043,NA
870372,"Individu ou sujet"
1180009,NA
1070154,NA
870117,"Personne à protéger"
1230050,NA
1330057,NA
1360334,NA
1210735,"Sentiment humain"
930037,NA
1020222,"Personne à protéger"
1300714,"Personne relationnelle"
820013,NA
780242,NA
1200560,"Personne relationnelle"
600067,NA
900076,"Genre/espèce humaine"
1210545,"Personne responsable et autonome"
1360344,NA
1020191,"Personne relationnelle"
1240875,"Individu ou sujet"
980094,NA
1360169,"Personne responsable et autonome"
600254,"Personne responsable et autonome"
1210209,NA
1380011,NA
900162,NA
1291114,NA
80005,NA
1120369,"Genre/espèce humaine"
700019,NA
1180050,"Personne à protéger"
270003,NA
1400382,NA
1260805,NA
980188,NA
1210483,NA
1290830,"Genre/espèce humaine"
1120028,NA
380068,NA
770261,NA
1211078,"Sentiment humain"
1280924,NA
590174,NA
1120209,NA
140509,"Personne relationnelle"
1060265,NA
670346,NA
1360574,"Personne relationnelle"
1280573,NA
590281,NA
1220655,"Genre/espèce humaine"
1280494,"Individu ou sujet"
1360678,"Personne responsable et autonome"
870279,NA
20490,"Genre/espèce humaine"
460015,"Genre/espèce humaine"
1120320,NA
1390670,NA
540658,"Personne à protéger"
1220593,NA
930165,NA
1170301,NA
50174,"Personne à protéger"
920007,NA
1400429,NA
1180182,"Personne responsable et autonome"
1400389,"Genre/espèce humaine"
930056,"Personne responsable et autonome"
1430144,NA
1090172,NA
1390609,"Individu ou sujet"
490053,"Personne relationnelle"
1030011,"Personne responsable et autonome"
1200613,"Personne à protéger"
630008,NA
1240635,NA
770626,"Personne responsable et autonome"
380343,NA
1120782,NA
670071,NA
670160,NA
650217,NA
160098,NA
1280054,NA
940766,NA
1390705,NA
1030267,NA
670340,"Genre/espèce humaine"
600006,NA
930559,NA
1240356,"Genre/espèce humaine"
1280461,NA
680085,NA
590422,NA
770323,NA
390057,NA
310028,NA
670145,NA
700051,NA
1210219,NA
1240383,NA
810349,"Sentiment humain"
420237,NA
1410750,NA
1120366,NA
540495,"Genre/espèce humaine"
1280052,NA
1240600,NA
1240150,"Corps humain"
1301343,"Personne responsable et autonome"
1120353,NA
1060002,NA
500395,"Personne à protéger"
1300166,"Individu ou sujet"
1260164,NA
580511,"Personne responsable et autonome"
1280690,NA
1200710,NA
520008,NA
940647,NA
940522,"Individu ou sujet"
1250025,"Genre/espèce humaine"
950117,"Genre/espèce humaine"
1290412,NA
460366,NA
1290996,"Individu ou sujet"
1240215,NA
490212,NA
540513,"Genre/espèce humaine"
140250,"Personne relationnelle"
940391,NA
90037,NA
590318,"Individu ou sujet"
380152,"Personne responsable et autonome"
540494,NA
1230275,NA
1360376,"Personne relationnelle"
530082,NA
1100173,NA
600243,NA
590116,NA
1390070,"Personne responsable et autonome"
1120644,NA
180027,NA
490090,"Personne à protéger"
250103,NA
1180088,NA
30256,"Personne relationnelle"
1291621,"Personne relationnelle"
1301218,"Individu ou sujet"
700081,NA
1230493,NA
970139,NA
780054,NA
1170146,NA
500016,NA
1330536,NA
1010289,"Personne relationnelle"
1430900,"Personne relationnelle"
1290336,"Sentiment humain"
490243,NA
1250518,"Genre/espèce humaine"
540469,NA
90049,NA
1190224,NA
430680,"Individu ou sujet"
140074,"Personne à protéger"
140449,NA
1180210,NA
1330302,NA
650159,"Genre/espèce humaine"
820261,NA
1360057,NA
940805,NA
960079,NA
1290885,"Corps humain"
650343,NA
780285,"Personne relationnelle"
1380536,NA
1360350,"Personne relationnelle"
940112,NA
710214,"Corps humain"
1400052,"Personne relationnelle"
140253,NA
1120148,NA
490064,NA
1270373,NA
1281004,"Sentiment humain"
140111,"Personne relationnelle"
670055,NA
140332,NA
1190331,NA
1280929,"Individu ou sujet"
1020210,NA
1330112,NA
1300980,NA
380192,NA
1370390,"Genre/espèce humaine"
1230338,NA
1240810,NA
870411,NA
240008,"Corps humain"
600043,NA
1390268,"Personne relationnelle"
80803,"Individu ou sujet"
1390122,"Individu ou sujet"
1291697,"Personne relationnelle"
920068,NA
290019,"Personne responsable et autonome"
610013,NA
940642,NA
380006,"Genre/espèce humaine"
570888,NA
540552,"Genre/espèce humaine"
1330471,"Genre/espèce humaine"
470123,NA
1280799,NA
490313,NA
930217,NA
1260165,NA
600087,NA
1390178,NA
1120515,NA
1030277,"Personne à protéger"
1240920,"Personne responsable et autonome"
820333,NA
1120865,"Genre/espèce humaine"
1440022,"Individu ou sujet"
500231,NA
580333,NA
1220349,"Individu ou sujet"
460422,"Genre/espèce humaine"
840016,"Sentiment humain"
1030086,"Personne responsable et autonome"
1280896,"Personne à protéger"
1280332,NA
530232,NA
1070233,NA
1360071,NA
1360676,"Personne responsable et autonome"
1260472,NA
580444,NA
1360217,"Genre/espèce humaine"
1370044,"Individu ou sujet"
570904,NA
1261568,NA
940739,"Personne relationnelle"
920104,NA
490152,NA
1291047,NA
1120325,NA
1060112,NA
600391,NA
870301,NA
1261486,"Personne responsable et autonome"
1370233,"Corps humain"
1370014,"Individu ou sujet"
570699,NA
1301131,NA
790379,NA
1230471,NA
1190401,"Individu ou sujet"
1300057,NA
1240399,"Personne relationnelle"
1291249,"Individu ou sujet"
1120323,NA
930041,NA
1190126,"Personne relationnelle"
1320288,NA
490073,NA
840375,"Personne relationnelle"
600056,NA
1300321,"Individu ou sujet"
1230330,NA
1390162,NA
700016,"Personne responsable et autonome"
1330555,NA
1120861,NA
450118,"Personne relationnelle"
700207,"Personne relationnelle"
1240744,NA
20006,NA
940495,NA
1200490,NA
1400183,NA
670025,NA
710226,NA
810306,NA
1210021,NA
1280330,"Individu ou sujet"
1280981,"Personne relationnelle"
830076,NA
710212,"Personne responsable et autonome"
590260,NA
40031,"Personne relationnelle"
770253,NA
1120167,NA
1100065,NA
590389,NA
1410637,"Genre/espèce humaine"
1400045,NA
1390305,NA
980108,NA
270016,NA
1440123,NA
1110178,NA
1190166,NA
1370263,NA
710198,NA
460163,NA
1160040,NA
770356,NA
1240702,NA
140268,NA
1260346,NA
670207,NA
880052,NA
1430487,NA
950072,"Genre/espèce humaine"
1380356,"Genre/espèce humaine"
1430157,NA
1200589,NA
130072,NA
980197,NA
490306,NA
940736,"Personne relationnelle"
920098,NA
970268,NA
1281062,"Personne relationnelle"
930103,NA
140435,NA
670034,NA
490025,NA
1360304,NA
1390267,NA
990029,NA
1240770,NA
710298,"Personne à protéger"
890010,NA
900208,NA
80546,NA
940541,NA
1060215,NA
850046,NA
1210246,NA
1190041,NA
630012,NA
1260964,"Corps humain"
460092,NA
80674,NA
770056,NA
710225,NA
1330033,NA
1300677,NA
870236,"Personne relationnelle"
1300385,NA
1120870,"Genre/espèce humaine"
1390682,"Personne relationnelle"
60036,NA
960205,NA
530001,NA
1220682,NA
1050034,NA
590110,NA
1380203,NA
1180167,NA
1360412,NA
190042,NA
1301098,NA
1120847,NA
270042,NA
1210159,NA
1150074,NA
670014,NA
1390264,NA
1300024,NA
770224,NA
1241104,NA
590375,NA
20554,"Genre/espèce humaine"
1410145,NA
1280697,"Personne relationnelle"
40067,NA
930043,NA
1390123,NA
640129,"Genre/espèce humaine"
1050131,NA
590139,NA
1291603,NA
1270040,"Personne relationnelle"
500389,NA
460525,NA
1210148,"Sentiment humain"
140386,NA
460532,NA
270129,NA
1210392,NA
1240748,"Personne à protéger"
630048,NA
110038,"Personne responsable et autonome"
1400445,NA
1320061,"Personne à protéger"
840340,"Sentiment humain"
530083,NA
1240962,NA
1300861,NA
1291640,NA
1120737,NA
1250290,"Genre/espèce humaine"
1291566,NA
610222,NA
80290,NA
930433,NA
490209,NA
770045,NA
1280554,NA
600242,NA
1240873,NA
1290699,NA
1060094,NA
1070285,NA
970222,NA
1210609,"Sentiment humain"
20237,NA
490215,NA
140479,NA
1380332,NA
940272,NA
1400168,NA
380048,NA
1250211,"Genre/espèce humaine"
570562,NA
1420306,"Personne relationnelle"
1150037,"Personne relationnelle"
1410653,NA
1360543,NA
610110,"Genre/espèce humaine"
1210090,NA
50141,NA
1240074,NA
770265,NA
1280161,NA
360024,NA
580446,NA
1210266,NA
1320111,"Personne responsable et autonome"
1260629,NA
1390469,NA
600329,NA
1070211,NA
490052,NA
270044,NA
440007,"Personne à protéger"
1410725,"Genre/espèce humaine"
780125,NA
1440507,"Corps humain"
470179,"Personne relationnelle"
440046,NA
960167,"Sentiment humain"
1020027,NA
630153,NA
760018,"Personne relationnelle"
1020236,NA
1360588,"Personne relationnelle"
390010,NA
930570,NA
1280982,NA
540504,NA
490251,NA
1330047,NA
1120025,NA
930144,NA
1390734,NA
1280094,NA
540141,NA
1200706,NA
490068,NA
1210642,"Personne relationnelle"
470063,NA
860017,"Personne relationnelle"
1360523,"Personne relationnelle"
1290616,NA
1360381,"Personne relationnelle"
1330383,NA
80844,"Corps humain"
570506,NA
790246,NA
1240203,NA
250008,NA
820256,NA
1300987,NA
1210375,NA
1291077,NA
1320094,NA
490234,"Individu ou sujet"
1040105,NA
1210479,NA
430638,NA
1250046,"Genre/espèce humaine"
1180179,NA
1040110,NA
1210721,"Personne relationnelle"
1380170,"Sentiment humain"
520004,NA
870146,NA
580112,NA
970007,NA
1300859,NA
670200,NA
600510,NA
1190286,NA
1360682,NA
1390306,NA
1400159,NA
1330354,NA
1410719,"Personne relationnelle"
310013,"Personne relationnelle"
1260579,"Genre/espèce humaine"
1020139,NA
1190159,NA
1210512,"Personne à protéger"
460206,"Individu ou sujet"
1280892,NA
860192,NA
1190034,NA
1190362,NA
1280655,"Personne relationnelle"
1140059,NA
1280254,"Personne relationnelle"
1270313,NA
940590,NA
1280484,NA
640028,NA
870226,"Personne relationnelle"
1180214,"Personne relationnelle"
1420110,NA
570150,NA
20570,"Genre/espèce humaine"
1090229,NA
870042,"Personne relationnelle"
1050211,NA
720182,NA
620053,NA
20366,"Personne relationnelle"
1270039,NA
40077,NA
431173,NA
1230006,NA
1250086,"Genre/espèce humaine"
1330142,NA
1270052,"Personne à protéger"
1120503,NA
80063,NA
140424,NA
980093,NA
590378,NA
1020239,"Personne relationnelle"
460021,NA
1440504,"Personne relationnelle"
1120000,NA
710254,NA
1210395,"Personne relationnelle"
930533,NA
1060052,NA
1320026,NA
1190111,NA
1430150,NA
490216,NA
450047,NA
380057,NA
1280777,NA
1230036,NA
1340050,NA
1241092,NA
1390394,NA
1291760,NA
580121,NA
850053,NA
510089,NA
940622,NA
580448,NA
1210054,"Personne à protéger"
1390456,"Personne relationnelle"
1240669,"Personne à protéger"
1280310,NA
1210484,NA
1290656,NA
460700,NA
1290153,"Genre/espèce humaine"
1440206,NA
930247,NA
1420102,"Personne à protéger"
80131,NA
930304,"Corps humain"
1300463,NA
190038,NA
540005,NA
600490,NA
270118,NA
940768,NA
1280184,NA
810034,NA
960187,NA
20560,"Genre/espèce humaine"
460047,NA
1360036,"Personne responsable et autonome"
1250318,"Genre/espèce humaine"
810379,"Personne relationnelle"
940727,NA
1360671,NA
1250039,"Genre/espèce humaine"
1360285,"Personne responsable et autonome"
1210015,NA
30003,NA
1190244,NA
600376,NA
1280902,"Personne relationnelle"
1360409,NA
490156,NA
1230524,NA
670196,"Individu ou sujet"
540065,NA
650104,NA
1290384,NA
50011,"Individu ou sujet"
490017,NA
90019,NA
1291647,"Personne relationnelle"
140433,NA
1291663,"Personne relationnelle"
140549,NA
180034,"Personne relationnelle"
460061,NA
1180052,NA
930305,NA
1250335,"Genre/espèce humaine"
570065,NA
870039,NA
870278,NA
870513,"Personne relationnelle"
1240456,"Genre/espèce humaine"
1370489,NA
140502,NA
450366,"Corps humain"
900065,NA
1240776,NA
1250123,"Genre/espèce humaine"
1291295,NA
940327,NA
1410009,NA
1300003,NA
460465,NA
650256,NA
810144,"Genre/espèce humaine"
1120101,NA
1150286,NA
1360493,NA
770502,NA
870530,NA
120064,NA
1440132,NA
1210547,NA
1360152,NA
1240935,"Genre/espèce humaine"
1410770,"Genre/espèce humaine"
1360729,NA
1210137,NA
1020161,NA
1300303,NA
870127,"Personne responsable et autonome"
770251,NA
1210514,NA
820163,"Sentiment humain"
1330254,NA
1360283,NA
560009,NA
1330364,"Genre/espèce humaine"
1291162,NA
380000,"Genre/espèce humaine"
540666,NA
450429,"Individu ou sujet"
1301080,NA
1360528,NA
1280325,NA
1150311,NA
1060255,NA
1130215,NA
1270216,NA
1240110,NA
1230365,NA
1390159,"Personne responsable et autonome"
1360644,NA
580046,"Personne relationnelle"
1240194,NA
870230,NA
20504,"Genre/espèce humaine"
1430748,"Personne relationnelle"
1390706,NA
1380542,"Corps humain"
540508,NA
20021,NA
1240970,NA
700042,NA
1120444,NA
1350363,"Individu ou sujet"
630112,"Personne responsable et autonome"
1210885,NA
610010,NA
1200419,"Corps humain"
510002,NA
140538,NA
1291448,NA
1410595,"Genre/espèce humaine"
1120710,NA
790006,NA
1020303,NA
770215,NA
1270330,NA
1240077,"Individu ou sujet"
1120543,NA
460129,NA
1300485,NA
1350485,"Individu ou sujet"
1280089,NA
590142,NA
1281048,NA
1250583,NA
1010069,"Sentiment humain"
570709,NA
140374,NA
1210900,NA
1300390,NA
1250125,NA
500145,NA
250034,NA
1180091,NA
790295,"Personne relationnelle"
460020,"Genre/espèce humaine"
380020,"Genre/espèce humaine"
490008,NA
700056,NA
1270305,NA
1190155,NA
1070497,NA
1240844,NA
1370027,NA
1280038,NA
140369,"Individu ou sujet"
1320391,NA
1280154,"Individu ou sujet"
1120741,NA
810101,NA
1240636,NA
140337,NA
1290506,NA
1360026,NA
1410489,NA
1291296,"Genre/espèce humaine"
1241067,NA
1210513,"Personne relationnelle"
770148,NA
870449,NA
1290445,NA
1241006,NA
580367,"Personne à protéger"
920101,NA
820288,NA
1260444,NA
