"sentence_id","Personne","sentence_id"
1220587,"Corps humain",1220587
1360306,"Personne responsable et autonome",1360306
580205,"Personne responsable et autonome",580205
700014,"Personne responsable et autonome",700014
870085,"Personne à protéger",870085
280036,"Individu ou sujet",280036
710245,"Personne responsable et autonome",710245
1360726,"Personne à protéger",1360726
580057,"Personne à protéger",580057
790062,"Personne responsable et autonome",790062
1250079,"Genre/espèce humaine",1250079
870299,"Genre/espèce humaine",870299
1360287,"Personne responsable et autonome",1360287
1440271,"Personne à protéger",1440271
450032,"Genre/espèce humaine",450032
1390049,"Individu ou sujet",1390049
1250431,"Genre/espèce humaine",1250431
770722,"Corps humain",770722
930350,"Corps humain",930350
1070205,"Personne à protéger",1070205
180058,"Personne responsable et autonome",180058
1301177,"Personne responsable et autonome",1301177
250011,"Corps humain",250011
70016,"Sentiment humain",70016
820127,"Sentiment humain",820127
1030268,"Personne à protéger",1030268
1300437,"Personne responsable et autonome",1300437
1390312,"Personne à protéger",1390312
1430644,"Personne responsable et autonome",1430644
270109,"Corps humain",270109
1400475,"Personne relationnelle",1400475
1230390,"Poubelle",1230390
1301124,"Personne à protéger",1301124
1360573,"Personne à protéger",1360573
930062,"Corps humain",930062
580190,"Personne à protéger",580190
750175,"Corps humain",750175
1431052,"Personne à protéger",1431052
1280381,"Personne relationnelle",1280381
1400557,"Individu ou sujet",1400557
1380540,"Corps humain",1380540
1290339,"Corps humain",1290339
1281430,"Individu ou sujet",1281430
140124,"Personne responsable et autonome",140124
1300457,"Individu ou sujet",1300457
430507,"Genre/espèce humaine",430507
20571,"Genre/espèce humaine",20571
80464,"Corps humain",80464
1340168,"Individu ou sujet",1340168
140120,"Personne responsable et autonome",140120
870043,"Personne à protéger",870043
1330004,"Genre/espèce humaine",1330004
1300118,"Personne à protéger",1300118
1360637,"Personne relationnelle",1360637
1360406,"Personne à protéger",1360406
710208,"Genre/espèce humaine",710208
930695,"Corps humain",930695
1250314,"Genre/espèce humaine",1250314
140037,"Personne responsable et autonome",140037
590024,"Individu ou sujet",590024
1240236,"Corps humain",1240236
940686,"Personne à protéger",940686
430411,"Personne responsable et autonome",430411
1250445,"Genre/espèce humaine",1250445
1240040,"Personne à protéger",1240040
1280604,"Personne à protéger",1280604
140535,"Personne à protéger",140535
1210158,"Personne relationnelle",1210158
1440523,"Poubelle",1440523
380138,"Personne responsable et autonome",380138
1291444,"Individu ou sujet",1291444
1260997,"Personne à protéger",1260997
30077,"Genre/espèce humaine",30077
160013,"Corps humain",160013
1260473,"Corps humain",1260473
1300985,"Individu ou sujet",1300985
500384,"Personne responsable et autonome",500384
1270054,"Personne à protéger",1270054
1360663,"Personne responsable et autonome",1360663
1420043,"Personne relationnelle",1420043
1210559,"Personne responsable et autonome",1210559
1280070,"Personne à protéger",1280070
640017,"Genre/espèce humaine",640017
1280673,"Poubelle",1280673
280185,"Corps humain",280185
1220603,"Genre/espèce humaine",1220603
1190211,"Personne responsable et autonome",1190211
1440086,"Personne relationnelle",1440086
1210523,"Personne responsable et autonome",1210523
940508,"Individu ou sujet",940508
1040053,"Personne responsable et autonome",1040053
1431049,"Genre/espèce humaine",1431049
1240901,"Personne à protéger",1240901
1210620,"Sentiment humain",1210620
1370229,"Genre/espèce humaine",1370229
1200681,"Genre/espèce humaine",1200681
1300357,"Personne à protéger",1300357
680009,"Personne à protéger",680009
1210030,"Personne relationnelle",1210030
1280481,"Personne relationnelle",1280481
1430701,"Personne responsable et autonome",1430701
540003,"Genre/espèce humaine",540003
1370303,"Genre/espèce humaine",1370303
1140083,"Individu ou sujet",1140083
1440124,"Personne relationnelle",1440124
580005,"Personne responsable et autonome",580005
1360374,"Personne relationnelle",1360374
940680,"Individu ou sujet",940680
530014,"Corps humain",530014
840415,"Sentiment humain",840415
270066,"Corps humain",270066
590400,"Poubelle",590400
670302,"Personne responsable et autonome",670302
1210667,"Personne relationnelle",1210667
520023,"Corps humain",520023
1230414,"Individu ou sujet",1230414
1281400,"Sentiment humain",1281400
1040088,"Individu ou sujet",1040088
1360649,"Personne relationnelle",1360649
1140256,"Personne responsable et autonome",1140256
970201,"Genre/espèce humaine",970201
1210498,"Personne responsable et autonome",1210498
680159,"Genre/espèce humaine",680159
760019,"Personne responsable et autonome",760019
1110126,"Corps humain",1110126
1280975,"Personne à protéger",1280975
1400192,"Personne à protéger",1400192
1360375,"Personne relationnelle",1360375
720350,"Corps humain",720350
1270247,"Personne à protéger",1270247
500232,"Personne responsable et autonome",500232
790014,"Genre/espèce humaine",790014
920073,"Personne à protéger",920073
1100164,"Personne responsable et autonome",1100164
1120153,"Genre/espèce humaine",1120153
1320027,"Personne responsable et autonome",1320027
1200334,"Personne à protéger",1200334
1280776,"Individu ou sujet",1280776
1280780,"Personne à protéger",1280780
20662,"Personne relationnelle",20662
940121,"Personne à protéger",940121
1120034,"Corps humain",1120034
820419,"Corps humain",820419
380216,"Genre/espèce humaine",380216
610187,"Individu ou sujet",610187
1280945,"Personne à protéger",1280945
600325,"Genre/espèce humaine",600325
1370257,"Individu ou sujet",1370257
1240918,"Personne relationnelle",1240918
30064,"Personne à protéger",30064
700029,"Personne responsable et autonome",700029
1370058,"Individu ou sujet",1370058
1220024,"Personne responsable et autonome",1220024
1120151,"Corps humain",1120151
600061,"Corps humain",600061
670369,"Corps humain",670369
1390340,"Personne à protéger",1390340
1250538,"Genre/espèce humaine",1250538
1370288,"Individu ou sujet",1370288
1110023,"Genre/espèce humaine",1110023
1360377,"Poubelle",1360377
80557,"Corps humain",80557
1120053,"Corps humain",1120053
590143,"Individu ou sujet",590143
600171,"Genre/espèce humaine",600171
410043,"Individu ou sujet",410043
810359,"Genre/espèce humaine",810359
760115,"Personne responsable et autonome",760115
910028,"Personne à protéger",910028
1260397,"Personne responsable et autonome",1260397
1290427,"Sentiment humain",1290427
820364,"Personne à protéger",820364
80170,"Corps humain",80170
1180207,"Personne à protéger",1180207
710295,"Personne à protéger",710295
1320096,"Individu ou sujet",1320096
130019,"Personne responsable et autonome",130019
1230641,"Personne à protéger",1230641
1270179,"Personne à protéger",1270179
1170347,"Corps humain",1170347
1080134,"Individu ou sujet",1080134
1000009,"Personne relationnelle",1000009
1240174,"Corps humain",1240174
460040,"Corps humain",460040
1250289,"Genre/espèce humaine",1250289
640130,"Personne responsable et autonome",640130
1220082,"Personne responsable et autonome",1220082
1291599,"Individu ou sujet",1291599
530255,"Corps humain",530255
270061,"Corps humain",270061
1360408,"Personne responsable et autonome",1360408
1430646,"Personne responsable et autonome",1430646
720158,"Corps humain",720158
540672,"Genre/espèce humaine",540672
1140220,"Personne à protéger",1140220
1280888,"Personne relationnelle",1280888
790290,"Personne à protéger",790290
500004,"Corps humain",500004
1310244,"Personne responsable et autonome",1310244
930302,"Genre/espèce humaine",930302
980114,"Individu ou sujet",980114
540523,"Genre/espèce humaine",540523
1270338,"Personne à protéger",1270338
1020320,"Personne à protéger",1020320
1270324,"Personne relationnelle",1270324
580306,"Personne relationnelle",580306
1280188,"Personne à protéger",1280188
980106,"Personne à protéger",980106
1420384,"Poubelle",1420384
490054,"Personne à protéger",490054
1120739,"Corps humain",1120739
1300435,"Personne à protéger",1300435
1120195,"Corps humain",1120195
140417,"Personne responsable et autonome",140417
1210803,"Personne relationnelle",1210803
1270257,"Personne à protéger",1270257
120014,"Genre/espèce humaine",120014
210023,"Personne à protéger",210023
820190,"Genre/espèce humaine",820190
670169,"Personne responsable et autonome",670169
900443,"Personne à protéger",900443
1291655,"Personne relationnelle",1291655
1280040,"Personne à protéger",1280040
540578,"Genre/espèce humaine",540578
1210624,"Personne à protéger",1210624
940717,"Personne à protéger",940717
1180064,"Personne responsable et autonome",1180064
1200528,"Personne relationnelle",1200528
1390214,"Genre/espèce humaine",1390214
940308,"Individu ou sujet",940308
810302,"Individu ou sujet",810302
1301146,"Individu ou sujet",1301146
1320089,"Personne responsable et autonome",1320089
820228,"Corps humain",820228
1110129,"Genre/espèce humaine",1110129
670164,"Personne responsable et autonome",670164
960001,"Personne à protéger",960001
1040185,"Poubelle",1040185
870021,"Personne responsable et autonome",870021
1430822,"Personne relationnelle",1430822
540426,"Corps humain",540426
900547,"Personne responsable et autonome",900547
80138,"Corps humain",80138
1200462,"Personne à protéger",1200462
1430070,"Personne à protéger",1430070
870364,"Personne responsable et autonome",870364
700106,"Personne relationnelle",700106
720351,"Corps humain",720351
870499,"Personne à protéger",870499
1250213,"Genre/espèce humaine",1250213
1360546,"Personne relationnelle",1360546
1400305,"Individu ou sujet",1400305
80538,"Corps humain",80538
1410661,"Genre/espèce humaine",1410661
1260319,"Individu ou sujet",1260319
1280623,"Personne à protéger",1280623
840051,"Personne à protéger",840051
1390090,"Personne relationnelle",1390090
810015,"Personne à protéger",810015
790391,"Personne à protéger",790391
1200618,"Genre/espèce humaine",1200618
1270147,"Individu ou sujet",1270147
1200359,"Personne à protéger",1200359
1360339,"Personne responsable et autonome",1360339
1120745,"Corps humain",1120745
1100174,"Personne à protéger",1100174
1120474,"Corps humain",1120474
430655,"Personne relationnelle",430655
940654,"Individu ou sujet",940654
600245,"Individu ou sujet",600245
770222,"Personne responsable et autonome",770222
10064,"Corps humain",10064
580416,"Personne responsable et autonome",580416
500305,"Corps humain",500305
580176,"Personne à protéger",580176
610052,"Corps humain",610052
1281238,"Poubelle",1281238
1250428,"Genre/espèce humaine",1250428
1360345,"Personne à protéger",1360345
770427,"Personne responsable et autonome",770427
1180194,"Personne responsable et autonome",1180194
430619,"Personne responsable et autonome",430619
1120190,"Corps humain",1120190
1190266,"Personne responsable et autonome",1190266
190047,"Corps humain",190047
1300300,"Genre/espèce humaine",1300300
1060206,"Personne à protéger",1060206
1270393,"Personne à protéger",1270393
1360033,"Personne relationnelle",1360033
940507,"Individu ou sujet",940507
1200731,"Corps humain",1200731
140017,"Individu ou sujet",140017
140380,"Personne relationnelle",140380
1210050,"Personne responsable et autonome",1210050
650283,"Sentiment humain",650283
1120090,"Sentiment humain",1120090
1020190,"Personne à protéger",1020190
1010064,"Genre/espèce humaine",1010064
1280208,"Personne relationnelle",1280208
1370411,"Individu ou sujet",1370411
60156,"Personne à protéger",60156
790003,"Personne relationnelle",790003
140035,"Personne relationnelle",140035
1120568,"Corps humain",1120568
540679,"Genre/espèce humaine",540679
580167,"Individu ou sujet",580167
1290849,"Personne relationnelle",1290849
580301,"Personne responsable et autonome",580301
600509,"Personne relationnelle",600509
1430794,"Individu ou sujet",1430794
540522,"Genre/espèce humaine",540522
1120436,"Corps humain",1120436
1430276,"Individu ou sujet",1430276
1140223,"Personne à protéger",1140223
1040175,"Personne à protéger",1040175
360049,"Corps humain",360049
1291274,"Genre/espèce humaine",1291274
1390747,"Individu ou sujet",1390747
1320113,"Personne responsable et autonome",1320113
850011,"Genre/espèce humaine",850011
530076,"Corps humain",530076
460208,"Corps humain",460208
820277,"Corps humain",820277
1040033,"Personne relationnelle",1040033
1210556,"Personne à protéger",1210556
1060264,"Individu ou sujet",1060264
1010270,"Personne à protéger",1010270
1120539,"Corps humain",1120539
980025,"Personne à protéger",980025
1060319,"Personne à protéger",1060319
940726,"Personne à protéger",940726
790333,"Personne relationnelle",790333
790318,"Personne à protéger",790318
1380468,"Genre/espèce humaine",1380468
600511,"Personne à protéger",600511
790005,"Personne responsable et autonome",790005
1120416,"Corps humain",1120416
580308,"Personne relationnelle",580308
940352,"Individu ou sujet",940352
1280420,"Personne relationnelle",1280420
1430245,"Corps humain",1430245
1210221,"Personne responsable et autonome",1210221
870470,"Personne relationnelle",870470
900430,"Genre/espèce humaine",900430
940289,"Individu ou sujet",940289
1020347,"Personne à protéger",1020347
930489,"Corps humain",930489
1380414,"Corps humain",1380414
1301272,"Individu ou sujet",1301272
1360608,"Personne relationnelle",1360608
1330120,"Individu ou sujet",1330120
600505,"Corps humain",600505
1210241,"Personne à protéger",1210241
140400,"Personne responsable et autonome",140400
1280159,"Personne responsable et autonome",1280159
1030054,"Personne relationnelle",1030054
380055,"Personne à protéger",380055
880062,"Personne à protéger",880062
820095,"Corps humain",820095
870410,"Personne responsable et autonome",870410
40085,"Personne responsable et autonome",40085
1290246,"Genre/espèce humaine",1290246
380007,"Genre/espèce humaine",380007
1240351,"Personne à protéger",1240351
1280353,"Personne relationnelle",1280353
930238,"Corps humain",930238
1281053,"Personne relationnelle",1281053
1220661,"Genre/espèce humaine",1220661
790262,"Personne relationnelle",790262
780133,"Personne responsable et autonome",780133
850041,"Personne à protéger",850041
1360635,"Personne relationnelle",1360635
450537,"Individu ou sujet",450537
450540,"Individu ou sujet",450540
1150276,"Genre/espèce humaine",1150276
670228,"Personne responsable et autonome",670228
490124,"Personne à protéger",490124
670170,"Personne responsable et autonome",670170
1290829,"Personne responsable et autonome",1290829
1330133,"Genre/espèce humaine",1330133
760104,"Personne à protéger",760104
980060,"Genre/espèce humaine",980060
1210579,"Personne responsable et autonome",1210579
1120683,"Corps humain",1120683
1380513,"Genre/espèce humaine",1380513
490441,"Personne à protéger",490441
1280751,"Individu ou sujet",1280751
1240400,"Personne responsable et autonome",1240400
780186,"Personne à protéger",780186
10084,"Corps humain",10084
1291198,"Personne relationnelle",1291198
840339,"Genre/espèce humaine",840339
1220563,"Genre/espèce humaine",1220563
580213,"Genre/espèce humaine",580213
600492,"Personne responsable et autonome",600492
1400072,"Individu ou sujet",1400072
1300621,"Corps humain",1300621
1281047,"Personne à protéger",1281047
1390800,"Personne à protéger",1390800
640041,"Corps humain",640041
390090,"Individu ou sujet",390090
1040213,"Individu ou sujet",1040213
1120265,"Corps humain",1120265
270107,"Corps humain",270107
80657,"Personne à protéger",80657
1291096,"Personne relationnelle",1291096
1190328,"Personne relationnelle",1190328
950044,"Personne à protéger",950044
820284,"Corps humain",820284
80651,"Corps humain",80651
1140012,"Individu ou sujet",1140012
1210979,"Personne relationnelle",1210979
600287,"Personne à protéger",600287
980215,"Individu ou sujet",980215
50217,"Individu ou sujet",50217
1291478,"Personne à protéger",1291478
360052,"Personne à protéger",360052
1280090,"Personne à protéger",1280090
1430247,"Personne relationnelle",1430247
1360497,"Personne responsable et autonome",1360497
1210491,"Personne responsable et autonome",1210491
820207,"Corps humain",820207
1300048,"Individu ou sujet",1300048
140226,"Personne responsable et autonome",140226
500401,"Personne responsable et autonome",500401
980024,"Corps humain",980024
900086,"Genre/espèce humaine",900086
600307,"Genre/espèce humaine",600307
1440199,"Personne à protéger",1440199
1110052,"Genre/espèce humaine",1110052
1360295,"Personne responsable et autonome",1360295
740179,"Corps humain",740179
690037,"Personne relationnelle",690037
900449,"Personne à protéger",900449
1290354,"Personne à protéger",1290354
1210173,"Personne relationnelle",1210173
1260984,"Corps humain",1260984
1280538,"Personne à protéger",1280538
710352,"Personne à protéger",710352
940071,"Individu ou sujet",940071
1010261,"Personne à protéger",1010261
1400275,"Personne relationnelle",1400275
930493,"Genre/espèce humaine",930493
1410686,"Personne responsable et autonome",1410686
1240498,"Corps humain",1240498
1250273,"Genre/espèce humaine",1250273
1370165,"Personne à protéger",1370165
1330203,"Individu ou sujet",1330203
140402,"Personne relationnelle",140402
1210724,"Individu ou sujet",1210724
1430645,"Personne à protéger",1430645
820354,"Corps humain",820354
670341,"Genre/espèce humaine",670341
1190279,"Personne responsable et autonome",1190279
1360636,"Personne relationnelle",1360636
820212,"Corps humain",820212
1390241,"Personne relationnelle",1390241
720144,"Personne à protéger",720144
220001,"Corps humain",220001
380350,"Individu ou sujet",380350
1280143,"Personne à protéger",1280143
570483,"Individu ou sujet",570483
790389,"Personne à protéger",790389
180136,"Genre/espèce humaine",180136
1320198,"Corps humain",1320198
1431057,"Personne à protéger",1431057
1260646,"Personne à protéger",1260646
1280084,"Individu ou sujet",1280084
1260166,"Personne responsable et autonome",1260166
630170,"Personne responsable et autonome",630170
1240845,"Corps humain",1240845
1150063,"Personne à protéger",1150063
80133,"Personne à protéger",80133
1120788,"Corps humain",1120788
10032,"Corps humain",10032
1290878,"Individu ou sujet",1290878
1120111,"Personne à protéger",1120111
1120613,"Corps humain",1120613
1360233,"Personne relationnelle",1360233
1120811,"Corps humain",1120811
1300533,"Individu ou sujet",1300533
390094,"Individu ou sujet",390094
1280891,"Personne à protéger",1280891
230000,"Corps humain",230000
760118,"Personne relationnelle",760118
1400006,"Individu ou sujet",1400006
1300802,"Individu ou sujet",1300802
1210580,"Personne responsable et autonome",1210580
80060,"Corps humain",80060
80392,"Corps humain",80392
1281221,"Personne relationnelle",1281221
940301,"Individu ou sujet",940301
1360592,"Sentiment humain",1360592
520007,"Corps humain",520007
310037,"Personne responsable et autonome",310037
10035,"Corps humain",10035
1280687,"Individu ou sujet",1280687
570365,"Personne relationnelle",570365
700006,"Personne relationnelle",700006
1010127,"Individu ou sujet",1010127
1360531,"Personne relationnelle",1360531
1430565,"Genre/espèce humaine",1430565
860015,"Personne relationnelle",860015
80732,"Corps humain",80732
1370478,"Individu ou sujet",1370478
1370225,"Personne à protéger",1370225
530060,"Corps humain",530060
80525,"Genre/espèce humaine",80525
1210457,"Personne à protéger",1210457
740121,"Individu ou sujet",740121
1210937,"Personne à protéger",1210937
250107,"Personne relationnelle",250107
1100143,"Personne relationnelle",1100143
650155,"Personne à protéger",650155
630239,"Genre/espèce humaine",630239
1210935,"Personne à protéger",1210935
1280521,"Individu ou sujet",1280521
1110187,"Personne responsable et autonome",1110187
870535,"Personne relationnelle",870535
1380318,"Genre/espèce humaine",1380318
930681,"Corps humain",930681
1200178,"Personne à protéger",1200178
140370,"Corps humain",140370
1220680,"Individu ou sujet",1220680
1240978,"Personne relationnelle",1240978
490048,"Personne relationnelle",490048
1280800,"Personne responsable et autonome",1280800
1140257,"Personne à protéger",1140257
590296,"Personne responsable et autonome",590296
1190292,"Personne responsable et autonome",1190292
1120166,"Genre/espèce humaine",1120166
930182,"Corps humain",930182
1200604,"Genre/espèce humaine",1200604
1380087,"Personne à protéger",1380087
20557,"Corps humain",20557
140382,"Personne à protéger",140382
1280489,"Personne relationnelle",1280489
1390634,"Personne relationnelle",1390634
900032,"Personne à protéger",900032
1040057,"Individu ou sujet",1040057
1110086,"Personne à protéger",1110086
80000,"Corps humain",80000
1301227,"Personne relationnelle",1301227
700186,"Personne responsable et autonome",700186
540542,"Genre/espèce humaine",540542
80629,"Corps humain",80629
1280967,"Individu ou sujet",1280967
1210481,"Personne responsable et autonome",1210481
780049,"Individu ou sujet",780049
1390154,"Personne à protéger",1390154
1150221,"Individu ou sujet",1150221
1190207,"Personne relationnelle",1190207
1220095,"Individu ou sujet",1220095
1280542,"Genre/espèce humaine",1280542
1430525,"Personne à protéger",1430525
770145,"Individu ou sujet",770145
530162,"Corps humain",530162
1280889,"Personne responsable et autonome",1280889
770326,"Personne relationnelle",770326
1410314,"Genre/espèce humaine",1410314
1290707,"Individu ou sujet",1290707
80049,"Corps humain",80049
1270343,"Personne à protéger",1270343
1380359,"Corps humain",1380359
1210738,"Personne responsable et autonome",1210738
670144,"Corps humain",670144
810380,"Genre/espèce humaine",810380
570889,"Individu ou sujet",570889
170011,"Personne à protéger",170011
670033,"Corps humain",670033
1120462,"Corps humain",1120462
1120373,"Corps humain",1120373
1150236,"Genre/espèce humaine",1150236
1010043,"Individu ou sujet",1010043
1210647,"Individu ou sujet",1210647
1250395,"Genre/espèce humaine",1250395
1210497,"Personne relationnelle",1210497
1370088,"Personne relationnelle",1370088
320042,"Corps humain",320042
80333,"Corps humain",80333
790047,"Personne à protéger",790047
1390675,"Personne à protéger",1390675
780074,"Individu ou sujet",780074
140554,"Personne relationnelle",140554
940383,"Individu ou sujet",940383
1400417,"Individu ou sujet",1400417
1240037,"Corps humain",1240037
1380426,"Corps humain",1380426
1240373,"Genre/espèce humaine",1240373
1260343,"Genre/espèce humaine",1260343
380212,"Genre/espèce humaine",380212
820122,"Sentiment humain",820122
1400158,"Individu ou sujet",1400158
770473,"Corps humain",770473
140559,"Individu ou sujet",140559
640004,"Corps humain",640004
30148,"Individu ou sujet",30148
780378,"Personne à protéger",780378
530128,"Corps humain",530128
940060,"Individu ou sujet",940060
1370043,"Personne à protéger",1370043
710194,"Personne relationnelle",710194
1230177,"Individu ou sujet",1230177
1090214,"Genre/espèce humaine",1090214
1330474,"Corps humain",1330474
1290825,"Personne relationnelle",1290825
1290295,"Personne responsable et autonome",1290295
1180240,"Personne à protéger",1180240
1210298,"Personne responsable et autonome",1210298
770055,"Individu ou sujet",770055
500370,"Personne à protéger",500370
1211081,"Personne relationnelle",1211081
1431006,"Individu ou sujet",1431006
1400165,"Individu ou sujet",1400165
940153,"Personne à protéger",940153
1060183,"Individu ou sujet",1060183
1190261,"Personne responsable et autonome",1190261
1310288,"Individu ou sujet",1310288
1291327,"Genre/espèce humaine",1291327
540503,"Genre/espèce humaine",540503
1240866,"Corps humain",1240866
1280711,"Individu ou sujet",1280711
1390163,"Personne relationnelle",1390163
1430359,"Personne responsable et autonome",1430359
930133,"Individu ou sujet",930133
1390617,"Personne relationnelle",1390617
1280881,"Personne à protéger",1280881
1241065,"Personne responsable et autonome",1241065
1190416,"Individu ou sujet",1190416
540687,"Corps humain",540687
590376,"Individu ou sujet",590376
130011,"Personne responsable et autonome",130011
1060235,"Personne à protéger",1060235
1100010,"Personne responsable et autonome",1100010
1210764,"Personne relationnelle",1210764
380022,"Genre/espèce humaine",380022
1440150,"Individu ou sujet",1440150
630304,"Personne relationnelle",630304
1210296,"Personne relationnelle",1210296
1150111,"Personne relationnelle",1150111
1120460,"Corps humain",1120460
1390005,"Personne relationnelle",1390005
1120338,"Corps humain",1120338
570353,"Individu ou sujet",570353
1220350,"Individu ou sujet",1220350
1180200,"Personne responsable et autonome",1180200
1280759,"Individu ou sujet",1280759
80420,"Corps humain",80420
270000,"Corps humain",270000
90046,"Personne responsable et autonome",90046
1281033,"Individu ou sujet",1281033
1291372,"Personne relationnelle",1291372
580220,"Personne à protéger",580220
1240996,"Personne relationnelle",1240996
1301182,"Individu ou sujet",1301182
180077,"Genre/espèce humaine",180077
1250507,"Genre/espèce humaine",1250507
630043,"Genre/espèce humaine",630043
80635,"Corps humain",80635
330005,"Personne à protéger",330005
210017,"Corps humain",210017
1280272,"Individu ou sujet",1280272
1300988,"Corps humain",1300988
1390508,"Individu ou sujet",1390508
770051,"Individu ou sujet",770051
870402,"Personne responsable et autonome",870402
1180048,"Personne relationnelle",1180048
1240823,"Personne relationnelle",1240823
1030155,"Genre/espèce humaine",1030155
1190415,"Individu ou sujet",1190415
30270,"Personne relationnelle",30270
1100188,"Individu ou sujet",1100188
860089,"Personne responsable et autonome",860089
570528,"Individu ou sujet",570528
1210322,"Personne relationnelle",1210322
1180100,"Personne responsable et autonome",1180100
580100,"Personne à protéger",580100
1300844,"Personne responsable et autonome",1300844
10063,"Corps humain",10063
500029,"Personne responsable et autonome",500029
770329,"Personne responsable et autonome",770329
830260,"Personne responsable et autonome",830260
930609,"Corps humain",930609
460744,"Individu ou sujet",460744
1370143,"Individu ou sujet",1370143
1380134,"Genre/espèce humaine",1380134
1360200,"Personne relationnelle",1360200
1301338,"Personne à protéger",1301338
1210349,"Personne responsable et autonome",1210349
680029,"Individu ou sujet",680029
770438,"Personne responsable et autonome",770438
630409,"Personne à protéger",630409
800071,"Individu ou sujet",800071
1080088,"Personne relationnelle",1080088
850051,"Individu ou sujet",850051
1330030,"Corps humain",1330030
770483,"Individu ou sujet",770483
490059,"Personne relationnelle",490059
1290564,"Corps humain",1290564
1280766,"Personne à protéger",1280766
1320287,"Personne responsable et autonome",1320287
1280634,"Genre/espèce humaine",1280634
1120089,"Corps humain",1120089
1390096,"Individu ou sujet",1390096
1330477,"Corps humain",1330477
1291469,"Genre/espèce humaine",1291469
590244,"Personne relationnelle",590244
1431053,"Personne à protéger",1431053
870068,"Personne à protéger",870068
1260437,"Genre/espèce humaine",1260437
1210208,"Personne responsable et autonome",1210208
1060067,"Individu ou sujet",1060067
1280229,"Personne relationnelle",1280229
10027,"Corps humain",10027
70060,"Corps humain",70060
1280928,"Personne à protéger",1280928
1200495,"Genre/espèce humaine",1200495
770242,"Corps humain",770242
30245,"Personne responsable et autonome",30245
880051,"Personne relationnelle",880051
1120305,"Corps humain",1120305
600333,"Individu ou sujet",600333
1291195,"Personne responsable et autonome",1291195
940711,"Personne à protéger",940711
810115,"Personne responsable et autonome",810115
1420330,"Personne à protéger",1420330
80140,"Corps humain",80140
1250460,"Genre/espèce humaine",1250460
1210155,"Personne relationnelle",1210155
500255,"Personne responsable et autonome",500255
460662,"Genre/espèce humaine",460662
1200499,"Personne à protéger",1200499
840403,"Personne relationnelle",840403
1270310,"Personne à protéger",1270310
770221,"Individu ou sujet",770221
1291667,"Personne relationnelle",1291667
1200609,"Personne à protéger",1200609
1280803,"Individu ou sujet",1280803
1241121,"Corps humain",1241121
1360657,"Poubelle",1360657
630382,"Individu ou sujet",630382
380011,"Genre/espèce humaine",380011
1380402,"Corps humain",1380402
770060,"Corps humain",770060
1020295,"Individu ou sujet",1020295
870501,"Personne à protéger",870501
20669,"Individu ou sujet",20669
870432,"Personne responsable et autonome",870432
820441,"Personne à protéger",820441
1210163,"Personne relationnelle",1210163
950096,"Individu ou sujet",950096
1290689,"Personne à protéger",1290689
530170,"Corps humain",530170
1370268,"Sentiment humain",1370268
1360388,"Sentiment humain",1360388
700197,"Individu ou sujet",700197
1310372,"Personne à protéger",1310372
1210686,"Personne à protéger",1210686
1270135,"Individu ou sujet",1270135
20582,"Personne responsable et autonome",20582
1260965,"Individu ou sujet",1260965
1120401,"Corps humain",1120401
540475,"Genre/espèce humaine",540475
520002,"Corps humain",520002
1430923,"Personne responsable et autonome",1430923
460118,"Individu ou sujet",460118
600263,"Genre/espèce humaine",600263
970008,"Personne responsable et autonome",970008
630305,"Personne responsable et autonome",630305
1410781,"Individu ou sujet",1410781
1210066,"Personne relationnelle",1210066
1020057,"Personne à protéger",1020057
1390584,"Personne à protéger",1390584
490185,"Personne responsable et autonome",490185
930375,"Corps humain",930375
460607,"Personne à protéger",460607
900002,"Poubelle",900002
450107,"Individu ou sujet",450107
880087,"Personne relationnelle",880087
470000,"Individu ou sujet",470000
1060261,"Personne à protéger",1060261
710284,"Personne à protéger",710284
1070247,"Individu ou sujet",1070247
580620,"Personne relationnelle",580620
1380174,"Personne responsable et autonome",1380174
140143,"Individu ou sujet",140143
770586,"Genre/espèce humaine",770586
770165,"Genre/espèce humaine",770165
640100,"Corps humain",640100
770704,"Personne responsable et autonome",770704
1390481,"Personne relationnelle",1390481
600035,"Corps humain",600035
750190,"Individu ou sujet",750190
630217,"Personne relationnelle",630217
290010,"Genre/espèce humaine",290010
760066,"Personne responsable et autonome",760066
720359,"Corps humain",720359
500278,"Personne relationnelle",500278
1430816,"Individu ou sujet",1430816
1261091,"Personne responsable et autonome",1261091
1290715,"Personne responsable et autonome",1290715
940393,"Individu ou sujet",940393
1080026,"Personne relationnelle",1080026
540657,"Corps humain",540657
1190422,"Individu ou sujet",1190422
460077,"Individu ou sujet",460077
1380165,"Genre/espèce humaine",1380165
940697,"Sentiment humain",940697
930688,"Corps humain",930688
1241057,"Personne responsable et autonome",1241057
630140,"Personne relationnelle",630140
940691,"Sentiment humain",940691
1210228,"Personne responsable et autonome",1210228
600272,"Personne responsable et autonome",600272
1430111,"Personne responsable et autonome",1430111
1020246,"Genre/espèce humaine",1020246
560011,"Personne à protéger",560011
1190262,"Personne relationnelle",1190262
620063,"Individu ou sujet",620063
530165,"Corps humain",530165
1190222,"Personne à protéger",1190222
1120434,"Corps humain",1120434
1330284,"Corps humain",1330284
1020312,"Poubelle",1020312
540374,"Corps humain",540374
940259,"Personne à protéger",940259
980174,"Personne à protéger",980174
1280014,"Individu ou sujet",1280014
1230614,"Individu ou sujet",1230614
1440527,"Individu ou sujet",1440527
1210681,"Personne à protéger",1210681
820001,"Corps humain",820001
270127,"Genre/espèce humaine",270127
570277,"Sentiment humain",570277
1390252,"Personne à protéger",1390252
1180053,"Personne responsable et autonome",1180053
1280765,"Personne à protéger",1280765
40003,"Personne relationnelle",40003
770451,"Corps humain",770451
80621,"Corps humain",80621
1190347,"Personne responsable et autonome",1190347
500403,"Personne responsable et autonome",500403
1390275,"Corps humain",1390275
870141,"Personne responsable et autonome",870141
1050090,"Corps humain",1050090
1320110,"Personne relationnelle",1320110
1200418,"Corps humain",1200418
570051,"Corps humain",570051
1280667,"Individu ou sujet",1280667
580413,"Personne à protéger",580413
1110206,"Genre/espèce humaine",1110206
1210197,"Personne responsable et autonome",1210197
1320404,"Individu ou sujet",1320404
1150163,"Personne responsable et autonome",1150163
1250174,"Genre/espèce humaine",1250174
820043,"Corps humain",820043
670103,"Corps humain",670103
600336,"Individu ou sujet",600336
1370431,"Individu ou sujet",1370431
1190249,"Personne à protéger",1190249
1270268,"Individu ou sujet",1270268
1300005,"Personne à protéger",1300005
1240959,"Personne relationnelle",1240959
1060365,"Personne responsable et autonome",1060365
1330560,"Genre/espèce humaine",1330560
590401,"Individu ou sujet",590401
1380561,"Individu ou sujet",1380561
1190093,"Personne responsable et autonome",1190093
380334,"Personne à protéger",380334
770039,"Personne à protéger",770039
1240139,"Genre/espèce humaine",1240139
1280062,"Personne à protéger",1280062
1410458,"Sentiment humain",1410458
1360231,"Personne relationnelle",1360231
420279,"Corps humain",420279
940059,"Individu ou sujet",940059
1180019,"Personne à protéger",1180019
920114,"Individu ou sujet",920114
1210669,"Personne relationnelle",1210669
1320009,"Sentiment humain",1320009
80027,"Corps humain",80027
1261110,"Corps humain",1261110
1150288,"Personne responsable et autonome",1150288
920055,"Individu ou sujet",920055
940317,"Personne à protéger",940317
700068,"Individu ou sujet",700068
190052,"Corps humain",190052
20315,"Personne relationnelle",20315
1380119,"Corps humain",1380119
670122,"Corps humain",670122
700101,"Personne responsable et autonome",700101
640002,"Corps humain",640002
960048,"Corps humain",960048
460752,"Corps humain",460752
1291627,"Personne à protéger",1291627
1080120,"Individu ou sujet",1080120
1291197,"Genre/espèce humaine",1291197
1150044,"Personne responsable et autonome",1150044
470040,"Personne à protéger",470040
1261097,"Corps humain",1261097
600393,"Personne responsable et autonome",600393
1040012,"Personne relationnelle",1040012
450633,"Genre/espèce humaine",450633
900361,"Genre/espèce humaine",900361
1260504,"Corps humain",1260504
590199,"Individu ou sujet",590199
920071,"Individu ou sujet",920071
770237,"Personne responsable et autonome",770237
1130182,"Individu ou sujet",1130182
1020050,"Personne relationnelle",1020050
1110021,"Genre/espèce humaine",1110021
670126,"Corps humain",670126
1210467,"Personne responsable et autonome",1210467
80676,"Personne responsable et autonome",80676
1291157,"Personne relationnelle",1291157
1380422,"Genre/espèce humaine",1380422
1291661,"Personne à protéger",1291661
490276,"Personne responsable et autonome",490276
820186,"Corps humain",820186
1280722,"Individu ou sujet",1280722
250123,"Personne responsable et autonome",250123
490096,"Personne à protéger",490096
770230,"Corps humain",770230
80269,"Corps humain",80269
1120883,"Corps humain",1120883
1290902,"Personne responsable et autonome",1290902
1410181,"Individu ou sujet",1410181
1050041,"Corps humain",1050041
1290254,"Genre/espèce humaine",1290254
260008,"Genre/espèce humaine",260008
1110012,"Personne à protéger",1110012
1120570,"Corps humain",1120570
500369,"Personne responsable et autonome",500369
1040103,"Personne relationnelle",1040103
1370400,"Personne à protéger",1370400
820258,"Sentiment humain",820258
760048,"Personne responsable et autonome",760048
1301074,"Corps humain",1301074
1260415,"Personne relationnelle",1260415
1260853,"Personne à protéger",1260853
1140224,"Corps humain",1140224
540056,"Corps humain",540056
540395,"Genre/espèce humaine",540395
740126,"Individu ou sujet",740126
1280878,"Personne à protéger",1280878
1240830,"Personne responsable et autonome",1240830
1310385,"Individu ou sujet",1310385
1060295,"Personne à protéger",1060295
490043,"Personne relationnelle",490043
1170139,"Corps humain",1170139
900159,"Personne responsable et autonome",900159
140173,"Individu ou sujet",140173
930284,"Corps humain",930284
1290894,"Personne responsable et autonome",1290894
220007,"Corps humain",220007
590105,"Individu ou sujet",590105
1120868,"Genre/espèce humaine",1120868
1110022,"Genre/espèce humaine",1110022
1360143,"Genre/espèce humaine",1360143
1050176,"Personne responsable et autonome",1050176
1380479,"Genre/espèce humaine",1380479
1440160,"Individu ou sujet",1440160
970076,"Personne relationnelle",970076
910048,"Individu ou sujet",910048
1120534,"Corps humain",1120534
1250508,"Genre/espèce humaine",1250508
600487,"Corps humain",600487
1410632,"Genre/espèce humaine",1410632
590151,"Personne responsable et autonome",590151
960183,"Genre/espèce humaine",960183
760111,"Personne responsable et autonome",760111
790063,"Personne à protéger",790063
1291028,"Individu ou sujet",1291028
1210434,"Personne relationnelle",1210434
1380316,"Genre/espèce humaine",1380316
1420381,"Personne relationnelle",1420381
1210518,"Personne relationnelle",1210518
870258,"Personne relationnelle",870258
1240064,"Corps humain",1240064
380188,"Individu ou sujet",380188
580472,"Personne relationnelle",580472
590112,"Personne responsable et autonome",590112
940721,"Sentiment humain",940721
770196,"Individu ou sujet",770196
1050150,"Corps humain",1050150
1290055,"Genre/espèce humaine",1290055
590039,"Personne à protéger",590039
110036,"Genre/espèce humaine",110036
1120464,"Corps humain",1120464
590212,"Individu ou sujet",590212
280182,"Corps humain",280182
930483,"Corps humain",930483
20620,"Individu ou sujet",20620
940357,"Individu ou sujet",940357
1210672,"Personne responsable et autonome",1210672
1210039,"Personne à protéger",1210039
1261412,"Genre/espèce humaine",1261412
490238,"Individu ou sujet",490238
1260318,"Individu ou sujet",1260318
80661,"Genre/espèce humaine",80661
1300557,"Personne à protéger",1300557
1270371,"Individu ou sujet",1270371
1060302,"Personne à protéger",1060302
1280897,"Personne relationnelle",1280897
1240042,"Genre/espèce humaine",1240042
530000,"Corps humain",530000
1290700,"Genre/espèce humaine",1290700
140482,"Individu ou sujet",140482
140338,"Individu ou sujet",140338
540546,"Sentiment humain",540546
490146,"Personne relationnelle",490146
80728,"Corps humain",80728
780276,"Genre/espèce humaine",780276
1390069,"Personne relationnelle",1390069
1420298,"Personne responsable et autonome",1420298
1180121,"Personne responsable et autonome",1180121
1410178,"Genre/espèce humaine",1410178
1430180,"Individu ou sujet",1430180
1410142,"Individu ou sujet",1410142
1040031,"Personne relationnelle",1040031
1190330,"Personne responsable et autonome",1190330
1280503,"Individu ou sujet",1280503
270002,"Corps humain",270002
80735,"Corps humain",80735
940083,"Individu ou sujet",940083
80607,"Corps humain",80607
1380074,"Genre/espèce humaine",1380074
1410053,"Genre/espèce humaine",1410053
530223,"Corps humain",530223
30169,"Personne responsable et autonome",30169
540452,"Corps humain",540452
1390647,"Personne responsable et autonome",1390647
1210536,"Personne relationnelle",1210536
820385,"Personne à protéger",820385
1300013,"Personne à protéger",1300013
410058,"Personne à protéger",410058
1240072,"Corps humain",1240072
20502,"Genre/espèce humaine",20502
80023,"Corps humain",80023
1410710,"Personne responsable et autonome",1410710
1390393,"Personne responsable et autonome",1390393
590365,"Individu ou sujet",590365
1210195,"Sentiment humain",1210195
1050089,"Sentiment humain",1050089
1230132,"Individu ou sujet",1230132
1330529,"Genre/espèce humaine",1330529
80390,"Corps humain",80390
540499,"Corps humain",540499
920001,"Personne relationnelle",920001
820142,"Genre/espèce humaine",820142
1220629,"Individu ou sujet",1220629
1210079,"Individu ou sujet",1210079
1210153,"Personne relationnelle",1210153
670012,"Corps humain",670012
550022,"Individu ou sujet",550022
1250426,"Genre/espèce humaine",1250426
1320006,"Personne relationnelle",1320006
490005,"Personne à protéger",490005
1291125,"Personne relationnelle",1291125
530037,"Corps humain",530037
140156,"Personne à protéger",140156
1290279,"Genre/espèce humaine",1290279
1210347,"Personne responsable et autonome",1210347
1010281,"Sentiment humain",1010281
140439,"Personne relationnelle",140439
1291587,"Personne à protéger",1291587
1290854,"Personne responsable et autonome",1290854
1360211,"Genre/espèce humaine",1360211
1150144,"Personne relationnelle",1150144
1300998,"Corps humain",1300998
80059,"Corps humain",80059
280040,"Corps humain",280040
1330115,"Corps humain",1330115
1230475,"Personne responsable et autonome",1230475
1050201,"Genre/espèce humaine",1050201
1240837,"Personne à protéger",1240837
40055,"Personne responsable et autonome",40055
760003,"Personne à protéger",760003
600384,"Genre/espèce humaine",600384
1370439,"Genre/espèce humaine",1370439
1390626,"Personne responsable et autonome",1390626
1360394,"Personne relationnelle",1360394
850065,"Personne à protéger",850065
540199,"Poubelle",540199
1280814,"Personne responsable et autonome",1280814
1130224,"Corps humain",1130224
1390118,"Sentiment humain",1390118
1190160,"Individu ou sujet",1190160
570776,"Personne à protéger",570776
1410706,"Personne relationnelle",1410706
530085,"Corps humain",530085
1280709,"Individu ou sujet",1280709
880002,"Individu ou sujet",880002
1120730,"Corps humain",1120730
1420173,"Personne à protéger",1420173
870280,"Personne relationnelle",870280
530224,"Corps humain",530224
270126,"Genre/espèce humaine",270126
1150127,"Individu ou sujet",1150127
80526,"Corps humain",80526
590045,"Personne à protéger",590045
1230335,"Individu ou sujet",1230335
1360104,"Personne relationnelle",1360104
1420276,"Personne relationnelle",1420276
1410459,"Individu ou sujet",1410459
1300996,"Individu ou sujet",1300996
70025,"Genre/espèce humaine",70025
1220652,"Genre/espèce humaine",1220652
500149,"Personne responsable et autonome",500149
940497,"Personne relationnelle",940497
1200720,"Corps humain",1200720
1410684,"Individu ou sujet",1410684
1420311,"Personne à protéger",1420311
1120199,"Corps humain",1120199
460025,"Genre/espèce humaine",460025
1030129,"Personne responsable et autonome",1030129
1180204,"Personne à protéger",1180204
1030358,"Individu ou sujet",1030358
380014,"Individu ou sujet",380014
580590,"Genre/espèce humaine",580590
1020056,"Personne responsable et autonome",1020056
1270064,"Individu ou sujet",1270064
140212,"Personne responsable et autonome",140212
80652,"Corps humain",80652
380056,"Personne responsable et autonome",380056
1210402,"Personne à protéger",1210402
580805,"Individu ou sujet",580805
1370123,"Personne à protéger",1370123
580585,"Individu ou sujet",580585
40012,"Personne responsable et autonome",40012
1330505,"Corps humain",1330505
820132,"Corps humain",820132
490206,"Personne responsable et autonome",490206
770310,"Individu ou sujet",770310
1190165,"Personne relationnelle",1190165
1390388,"Personne responsable et autonome",1390388
550015,"Corps humain",550015
1360437,"Individu ou sujet",1360437
1120067,NA,1120067
900167,NA,900167
870550,"Personne relationnelle",870550
1290186,NA,1290186
250110,NA,250110
1330246,NA,1330246
1430999,NA,1430999
940552,NA,940552
1301094,"Personne responsable et autonome",1301094
640111,"Personne responsable et autonome",640111
1310031,"Personne responsable et autonome",1310031
1241186,NA,1241186
1210840,NA,1210840
930003,NA,930003
230001,NA,230001
1280088,"Individu ou sujet",1280088
1040035,"Personne responsable et autonome",1040035
980211,NA,980211
1120537,NA,1120537
940750,"Personne relationnelle",940750
160011,NA,160011
140426,NA,140426
1120075,NA,1120075
1390398,NA,1390398
830034,"Personne à protéger",830034
1281025,NA,1281025
670348,"Genre/espèce humaine",670348
80685,"Corps humain",80685
1280288,NA,1280288
1010288,NA,1010288
1300562,"Personne responsable et autonome",1300562
860068,NA,860068
790376,NA,790376
540688,"Sentiment humain",540688
1250398,"Genre/espèce humaine",1250398
940623,NA,940623
1200492,"Personne à protéger",1200492
970252,"Personne à protéger",970252
370011,"Personne relationnelle",370011
1230015,"Personne relationnelle",1230015
1040138,NA,1040138
770320,"Personne responsable et autonome",770320
530051,NA,530051
1230482,"Genre/espèce humaine",1230482
870463,"Personne relationnelle",870463
1380400,"Genre/espèce humaine",1380400
540570,NA,540570
140114,NA,140114
980192,"Personne responsable et autonome",980192
650090,NA,650090
1390036,"Personne relationnelle",1390036
380312,"Personne à protéger",380312
830304,NA,830304
1280008,"Personne relationnelle",1280008
80176,NA,80176
960155,NA,960155
770432,NA,770432
1140079,NA,1140079
610081,NA,610081
1291138,"Sentiment humain",1291138
1360600,"Personne relationnelle",1360600
1210048,NA,1210048
180054,NA,180054
60137,"Personne relationnelle",60137
80573,"Genre/espèce humaine",80573
1190383,NA,1190383
460012,NA,460012
810260,"Genre/espèce humaine",810260
860057,"Personne responsable et autonome",860057
860170,"Individu ou sujet",860170
1281052,NA,1281052
640042,"Corps humain",640042
460111,"Genre/espèce humaine",460111
540510,NA,540510
940313,"Individu ou sujet",940313
1100123,"Individu ou sujet",1100123
180076,"Corps humain",180076
630061,"Personne à protéger",630061
820206,"Personne relationnelle",820206
1120890,NA,1120890
1200616,"Genre/espèce humaine",1200616
1280764,NA,1280764
1400291,"Personne relationnelle",1400291
1330351,NA,1330351
770447,NA,770447
460696,NA,460696
80547,"Genre/espèce humaine",80547
1280283,NA,1280283
1370338,NA,1370338
1330051,NA,1330051
1290895,NA,1290895
770043,NA,770043
870372,"Individu ou sujet",870372
1180009,NA,1180009
1070154,NA,1070154
870117,"Personne responsable et autonome",870117
1230050,NA,1230050
1330057,NA,1330057
1360334,NA,1360334
1210735,"Personne responsable et autonome",1210735
930037,NA,930037
1020222,"Personne à protéger",1020222
1300714,"Personne relationnelle",1300714
820013,NA,820013
780242,NA,780242
1200560,"Personne à protéger",1200560
600067,NA,600067
900076,"Genre/espèce humaine",900076
1210545,"Personne responsable et autonome",1210545
1360344,NA,1360344
1020191,"Personne relationnelle",1020191
1240875,"Individu ou sujet",1240875
980094,NA,980094
1360169,"Personne responsable et autonome",1360169
600254,"Personne responsable et autonome",600254
1210209,NA,1210209
1380011,NA,1380011
900162,NA,900162
1291114,NA,1291114
80005,NA,80005
1120369,"Genre/espèce humaine",1120369
700019,NA,700019
1180050,"Genre/espèce humaine",1180050
270003,NA,270003
1400382,NA,1400382
1260805,NA,1260805
980188,NA,980188
1210483,NA,1210483
1290830,"Genre/espèce humaine",1290830
1120028,NA,1120028
380068,NA,380068
770261,NA,770261
1211078,"Sentiment humain",1211078
1280924,NA,1280924
590174,NA,590174
1120209,NA,1120209
140509,"Personne relationnelle",140509
1060265,NA,1060265
670346,NA,670346
1360574,"Personne relationnelle",1360574
1280573,NA,1280573
590281,NA,590281
1220655,"Genre/espèce humaine",1220655
1280494,"Personne responsable et autonome",1280494
1360678,"Personne responsable et autonome",1360678
870279,NA,870279
20490,"Genre/espèce humaine",20490
460015,"Genre/espèce humaine",460015
1120320,NA,1120320
1390670,NA,1390670
540658,"Personne à protéger",540658
1120423,NA,1120423
930165,NA,930165
1170301,NA,1170301
50174,"Personne à protéger",50174
920007,NA,920007
1400429,NA,1400429
1180182,"Personne responsable et autonome",1180182
1400389,"Genre/espèce humaine",1400389
930056,"Personne responsable et autonome",930056
1430144,NA,1430144
1090172,NA,1090172
1390609,"Individu ou sujet",1390609
490053,"Personne relationnelle",490053
1030011,"Personne responsable et autonome",1030011
1200613,"Personne à protéger",1200613
630008,NA,630008
1240635,NA,1240635
770626,"Personne responsable et autonome",770626
380343,NA,380343
1120782,NA,1120782
670071,NA,670071
670160,NA,670160
650217,NA,650217
160098,NA,160098
1280054,NA,1280054
940766,NA,940766
1390705,NA,1390705
1030267,NA,1030267
670340,"Genre/espèce humaine",670340
600006,NA,600006
930559,NA,930559
1240356,"Genre/espèce humaine",1240356
1280461,NA,1280461
680085,NA,680085
590422,NA,590422
770323,NA,770323
390057,NA,390057
310028,NA,310028
670145,NA,670145
700051,NA,700051
1210219,NA,1210219
1240383,NA,1240383
810349,"Sentiment humain",810349
420237,NA,420237
1410750,NA,1410750
1120366,NA,1120366
540495,"Genre/espèce humaine",540495
1280052,NA,1280052
1240600,NA,1240600
1240150,"Genre/espèce humaine",1240150
1301343,"Personne responsable et autonome",1301343
1120353,NA,1120353
1060002,NA,1060002
500395,"Personne à protéger",500395
1300166,"Individu ou sujet",1300166
1260164,NA,1260164
580511,"Personne responsable et autonome",580511
1280690,NA,1280690
1200710,NA,1200710
520008,NA,520008
940647,NA,940647
940522,"Individu ou sujet",940522
1250025,"Genre/espèce humaine",1250025
950117,"Genre/espèce humaine",950117
1290412,NA,1290412
460366,NA,460366
1290996,"Individu ou sujet",1290996
1240215,NA,1240215
490212,NA,490212
540513,"Genre/espèce humaine",540513
140250,"Personne relationnelle",140250
940391,NA,940391
90037,NA,90037
590318,"Individu ou sujet",590318
380152,"Personne responsable et autonome",380152
540494,NA,540494
1230275,NA,1230275
1360376,"Personne relationnelle",1360376
530082,NA,530082
1100173,NA,1100173
600243,NA,600243
590116,NA,590116
1390070,"Personne responsable et autonome",1390070
1120644,NA,1120644
180027,NA,180027
490090,"Personne à protéger",490090
250103,NA,250103
1180088,NA,1180088
30256,"Personne relationnelle",30256
1291621,"Personne relationnelle",1291621
1301218,"Individu ou sujet",1301218
700081,NA,700081
1230493,NA,1230493
970139,NA,970139
780054,NA,780054
1170146,NA,1170146
500016,NA,500016
1330536,NA,1330536
1010289,"Personne relationnelle",1010289
1430900,"Personne relationnelle",1430900
1290336,"Sentiment humain",1290336
490243,NA,490243
1250518,"Genre/espèce humaine",1250518
540469,NA,540469
90049,NA,90049
1190224,NA,1190224
430680,"Individu ou sujet",430680
140074,"Personne à protéger",140074
140449,NA,140449
1180210,NA,1180210
1330302,NA,1330302
650159,"Genre/espèce humaine",650159
820261,NA,820261
1360057,NA,1360057
940805,NA,940805
960079,NA,960079
1290885,"Corps humain",1290885
650343,NA,650343
780285,"Personne relationnelle",780285
1380536,NA,1380536
1360350,"Personne relationnelle",1360350
940112,NA,940112
710214,"Corps humain",710214
1400052,"Personne relationnelle",1400052
140253,NA,140253
1120148,NA,1120148
490064,NA,490064
1270373,NA,1270373
1281004,"Genre/espèce humaine",1281004
140111,"Personne relationnelle",140111
670055,NA,670055
140332,NA,140332
1190331,NA,1190331
1280929,"Individu ou sujet",1280929
1020210,NA,1020210
1330112,NA,1330112
1300980,NA,1300980
380192,NA,380192
1370390,"Genre/espèce humaine",1370390
1230338,NA,1230338
1240810,NA,1240810
870411,NA,870411
240008,"Corps humain",240008
600043,NA,600043
1390268,"Personne relationnelle",1390268
80803,"Individu ou sujet",80803
1390122,"Individu ou sujet",1390122
1291697,"Personne relationnelle",1291697
920068,NA,920068
290019,"Personne responsable et autonome",290019
610013,NA,610013
940642,NA,940642
380006,"Genre/espèce humaine",380006
570888,NA,570888
540552,"Genre/espèce humaine",540552
1330471,"Genre/espèce humaine",1330471
470123,NA,470123
1280799,NA,1280799
490313,NA,490313
930217,NA,930217
1260165,NA,1260165
770233,NA,770233
1390178,NA,1390178
1120515,NA,1120515
1030277,"Personne responsable et autonome",1030277
1240920,"Personne responsable et autonome",1240920
820333,NA,820333
1120865,"Genre/espèce humaine",1120865
1440022,"Individu ou sujet",1440022
500231,NA,500231
580333,NA,580333
1220349,"Individu ou sujet",1220349
460422,"Genre/espèce humaine",460422
840016,"Personne relationnelle",840016
1030086,"Personne responsable et autonome",1030086
1280896,"Personne à protéger",1280896
1280332,NA,1280332
530232,NA,530232
1070233,NA,1070233
1360071,NA,1360071
1360676,"Personne responsable et autonome",1360676
1260472,NA,1260472
580444,NA,580444
1360217,"Genre/espèce humaine",1360217
1370044,"Individu ou sujet",1370044
570904,NA,570904
1261568,NA,1261568
940739,"Personne relationnelle",940739
920104,NA,920104
490152,NA,490152
1291047,NA,1291047
1120325,NA,1120325
1060112,NA,1060112
600391,NA,600391
870301,NA,870301
1261486,"Personne responsable et autonome",1261486
1370233,"Corps humain",1370233
1370014,"Individu ou sujet",1370014
570699,NA,570699
1301131,NA,1301131
790379,NA,790379
1230471,NA,1230471
1190401,"Individu ou sujet",1190401
1300057,NA,1300057
1240399,"Personne relationnelle",1240399
1291249,"Individu ou sujet",1291249
1120323,NA,1120323
930041,NA,930041
1190126,"Personne relationnelle",1190126
1320288,NA,1320288
490073,NA,490073
840375,"Personne relationnelle",840375
600056,NA,600056
1300321,"Personne à protéger",1300321
1230330,NA,1230330
1390162,NA,1390162
700016,"Personne responsable et autonome",700016
1330555,NA,1330555
1120861,NA,1120861
450118,"Personne relationnelle",450118
700207,"Personne responsable et autonome",700207
1240744,NA,1240744
20006,NA,20006
940495,NA,940495
1200490,NA,1200490
1400183,NA,1400183
670025,NA,670025
710226,NA,710226
810306,NA,810306
1210021,NA,1210021
1280330,"Individu ou sujet",1280330
1280981,"Personne relationnelle",1280981
830076,NA,830076
710212,"Personne responsable et autonome",710212
590260,NA,590260
40031,"Personne relationnelle",40031
770253,NA,770253
1120167,NA,1120167
1100065,NA,1100065
590389,NA,590389
1410637,"Genre/espèce humaine",1410637
1400045,NA,1400045
1390305,NA,1390305
980108,NA,980108
270016,NA,270016
1440123,NA,1440123
1110178,NA,1110178
1190166,NA,1190166
1370263,NA,1370263
710198,NA,710198
460163,NA,460163
1160040,NA,1160040
770356,NA,770356
1240702,NA,1240702
140268,NA,140268
1260346,NA,1260346
670207,NA,670207
880052,NA,880052
1430487,NA,1430487
950072,"Genre/espèce humaine",950072
1380356,"Corps humain",1380356
1430157,NA,1430157
1200589,NA,1200589
130072,NA,130072
980197,NA,980197
490306,NA,490306
940736,"Personne relationnelle",940736
920098,NA,920098
970268,NA,970268
1281062,"Personne relationnelle",1281062
930103,NA,930103
140435,NA,140435
670034,NA,670034
490025,NA,490025
1360304,NA,1360304
1390267,NA,1390267
990029,NA,990029
1240770,NA,1240770
710298,"Personne à protéger",710298
890010,NA,890010
900208,NA,900208
80546,NA,80546
940541,NA,940541
1060215,NA,1060215
850046,NA,850046
1210246,NA,1210246
1190041,NA,1190041
630012,NA,630012
1260964,"Corps humain",1260964
460092,NA,460092
80674,NA,80674
770056,NA,770056
710225,NA,710225
1330033,NA,1330033
1300677,NA,1300677
870236,"Personne relationnelle",870236
1300385,NA,1300385
1120870,"Genre/espèce humaine",1120870
1390682,"Personne relationnelle",1390682
60036,NA,60036
960205,NA,960205
530001,NA,530001
1220682,NA,1220682
1050034,NA,1050034
590110,NA,590110
1380203,NA,1380203
1180167,NA,1180167
1360412,NA,1360412
190042,NA,190042
1301098,NA,1301098
1120847,NA,1120847
270042,NA,270042
1210159,NA,1210159
1150074,NA,1150074
670014,NA,670014
1390264,NA,1390264
1300024,NA,1300024
770224,NA,770224
1241104,NA,1241104
590375,NA,590375
20554,"Genre/espèce humaine",20554
1410145,NA,1410145
1280697,"Personne relationnelle",1280697
40067,NA,40067
930043,NA,930043
1390123,NA,1390123
640129,"Genre/espèce humaine",640129
1050131,NA,1050131
590139,NA,590139
1291603,NA,1291603
1270040,"Personne relationnelle",1270040
500389,NA,500389
460525,NA,460525
1210148,"Sentiment humain",1210148
140386,NA,140386
460532,NA,460532
270129,NA,270129
1210392,NA,1210392
1240748,"Personne à protéger",1240748
630048,NA,630048
110038,"Personne responsable et autonome",110038
1400445,NA,1400445
1320061,"Personne responsable et autonome",1320061
840340,"Personne relationnelle",840340
530083,NA,530083
1240962,NA,1240962
1300861,NA,1300861
1291640,NA,1291640
1120737,NA,1120737
1250290,"Genre/espèce humaine",1250290
1291566,NA,1291566
610222,NA,610222
80290,NA,80290
930433,NA,930433
490209,NA,490209
770045,NA,770045
1280554,NA,1280554
600242,NA,600242
1240873,NA,1240873
1290699,NA,1290699
1060094,NA,1060094
1070285,NA,1070285
970222,NA,970222
1210609,"Sentiment humain",1210609
1220593,NA,1220593
490215,NA,490215
140479,NA,140479
1380332,NA,1380332
940272,NA,940272
1400168,NA,1400168
380048,NA,380048
1250211,"Genre/espèce humaine",1250211
570562,NA,570562
1420306,"Personne relationnelle",1420306
1150037,"Personne relationnelle",1150037
1410653,NA,1410653
1360543,NA,1360543
610110,"Genre/espèce humaine",610110
1210090,NA,1210090
50141,NA,50141
1240074,NA,1240074
770265,NA,770265
1280161,NA,1280161
360024,NA,360024
580446,NA,580446
1210266,NA,1210266
1320111,"Personne responsable et autonome",1320111
1260629,NA,1260629
1390469,NA,1390469
600329,NA,600329
1070211,NA,1070211
490052,NA,490052
270044,NA,270044
440007,"Personne responsable et autonome",440007
1410725,"Genre/espèce humaine",1410725
780125,NA,780125
1440507,"Corps humain",1440507
470179,"Personne relationnelle",470179
440046,NA,440046
960167,"Sentiment humain",960167
1020027,NA,1020027
630153,NA,630153
760018,"Personne relationnelle",760018
1020236,NA,1020236
1360588,"Personne relationnelle",1360588
390010,NA,390010
930570,NA,930570
1280982,NA,1280982
540504,NA,540504
490251,NA,490251
1330047,NA,1330047
1120025,NA,1120025
930144,NA,930144
1390734,NA,1390734
1280094,NA,1280094
540141,NA,540141
1200706,NA,1200706
490068,NA,490068
1210642,"Personne relationnelle",1210642
470063,NA,470063
860017,"Personne relationnelle",860017
1360523,"Personne relationnelle",1360523
1290616,NA,1290616
1360381,"Personne relationnelle",1360381
1330383,NA,1330383
80844,"Genre/espèce humaine",80844
570506,NA,570506
790246,NA,790246
1240203,NA,1240203
250008,NA,250008
820256,NA,820256
1300987,NA,1300987
1210375,NA,1210375
1291077,NA,1291077
1320094,NA,1320094
490234,"Individu ou sujet",490234
1040105,NA,1040105
1210479,NA,1210479
430638,NA,430638
1250046,"Genre/espèce humaine",1250046
1180179,NA,1180179
1040110,NA,1040110
1210721,"Personne relationnelle",1210721
1380170,"Sentiment humain",1380170
520004,NA,520004
870146,NA,870146
580112,NA,580112
970007,NA,970007
1300859,NA,1300859
670200,NA,670200
600510,NA,600510
1190286,NA,1190286
1360682,NA,1360682
1390306,NA,1390306
1400159,NA,1400159
1330354,NA,1330354
1410719,"Personne relationnelle",1410719
310013,"Personne relationnelle",310013
1260579,"Genre/espèce humaine",1260579
1020139,NA,1020139
1190159,NA,1190159
1210512,"Personne à protéger",1210512
460206,"Corps humain",460206
1280892,NA,1280892
860192,NA,860192
1190034,NA,1190034
1190362,NA,1190362
1280655,"Personne relationnelle",1280655
1140059,NA,1140059
1280254,"Personne relationnelle",1280254
1270313,NA,1270313
940590,NA,940590
1280484,NA,1280484
640028,NA,640028
870226,"Personne relationnelle",870226
1180214,"Personne relationnelle",1180214
1420110,NA,1420110
570150,NA,570150
20570,"Genre/espèce humaine",20570
1090229,NA,1090229
870042,"Personne relationnelle",870042
1050211,NA,1050211
720182,NA,720182
620053,NA,620053
20366,"Personne responsable et autonome",20366
20237,NA,20237
40077,NA,40077
431173,NA,431173
1230006,NA,1230006
1250086,"Genre/espèce humaine",1250086
1330142,NA,1330142
1270052,"Personne à protéger",1270052
1120503,NA,1120503
80063,NA,80063
140424,NA,140424
980093,NA,980093
590378,NA,590378
1020239,"Personne relationnelle",1020239
460021,NA,460021
1440504,"Personne relationnelle",1440504
1120000,NA,1120000
710254,NA,710254
1210395,"Personne relationnelle",1210395
930533,NA,930533
1060052,NA,1060052
1320026,NA,1320026
1190111,NA,1190111
1430150,NA,1430150
490216,NA,490216
450047,NA,450047
380057,NA,380057
1280777,NA,1280777
1230036,NA,1230036
1340050,NA,1340050
1241092,NA,1241092
1390394,NA,1390394
1291760,NA,1291760
580121,NA,580121
850053,NA,850053
510089,NA,510089
940622,NA,940622
580448,NA,580448
1210054,"Personne relationnelle",1210054
1390456,"Personne relationnelle",1390456
1240669,"Personne à protéger",1240669
600087,NA,600087
1210484,NA,1210484
1290656,NA,1290656
460700,NA,460700
1290153,"Genre/espèce humaine",1290153
1440206,NA,1440206
930247,NA,930247
1420102,"Personne à protéger",1420102
80131,NA,80131
930304,"Corps humain",930304
1300463,NA,1300463
190038,NA,190038
540005,NA,540005
600490,NA,600490
270118,NA,270118
940768,NA,940768
1280184,NA,1280184
810034,NA,810034
960187,NA,960187
20560,"Genre/espèce humaine",20560
460047,NA,460047
1360036,"Personne responsable et autonome",1360036
1250318,"Genre/espèce humaine",1250318
810379,"Personne relationnelle",810379
940727,NA,940727
1360671,NA,1360671
1250039,"Genre/espèce humaine",1250039
1360285,"Personne responsable et autonome",1360285
1210015,NA,1210015
30003,NA,30003
1190244,NA,1190244
600376,NA,600376
1280902,"Personne relationnelle",1280902
1360409,NA,1360409
490156,NA,490156
1230524,NA,1230524
670196,"Individu ou sujet",670196
540065,NA,540065
650104,NA,650104
1290384,NA,1290384
50011,"Individu ou sujet",50011
490017,NA,490017
90019,NA,90019
1291647,"Personne relationnelle",1291647
140433,NA,140433
1291663,"Personne relationnelle",1291663
140549,NA,140549
180034,"Personne relationnelle",180034
460061,NA,460061
1180052,NA,1180052
930305,NA,930305
1250335,"Genre/espèce humaine",1250335
570065,NA,570065
870039,NA,870039
870278,NA,870278
870513,"Personne relationnelle",870513
1240456,"Genre/espèce humaine",1240456
1370489,NA,1370489
140502,NA,140502
450366,"Corps humain",450366
900065,NA,900065
1240776,NA,1240776
1250123,"Genre/espèce humaine",1250123
1291295,NA,1291295
940327,NA,940327
1410009,NA,1410009
1300003,NA,1300003
460465,NA,460465
650256,NA,650256
810144,"Genre/espèce humaine",810144
1120101,NA,1120101
1150286,NA,1150286
1360493,NA,1360493
770502,NA,770502
870530,NA,870530
120064,NA,120064
1440132,NA,1440132
1210547,NA,1210547
1360152,NA,1360152
1240935,"Genre/espèce humaine",1240935
1410770,"Genre/espèce humaine",1410770
1270039,NA,1270039
1210137,NA,1210137
1020161,NA,1020161
1300303,NA,1300303
870127,"Personne responsable et autonome",870127
770251,NA,770251
1210514,NA,1210514
820163,"Sentiment humain",820163
1330254,NA,1330254
1360283,NA,1360283
560009,NA,560009
1330364,"Genre/espèce humaine",1330364
1291162,NA,1291162
380000,"Genre/espèce humaine",380000
540666,NA,540666
450429,"Individu ou sujet",450429
1301080,NA,1301080
1360528,NA,1360528
1280325,NA,1280325
1150311,NA,1150311
1060255,NA,1060255
1130215,NA,1130215
1270216,NA,1270216
1240110,NA,1240110
1230365,NA,1230365
1390159,"Personne responsable et autonome",1390159
1360644,NA,1360644
580046,"Personne relationnelle",580046
1240194,NA,1240194
870230,NA,870230
20504,"Genre/espèce humaine",20504
1430748,"Personne relationnelle",1430748
1390706,NA,1390706
1380542,"Corps humain",1380542
540508,NA,540508
20021,NA,20021
1240970,NA,1240970
700042,NA,700042
1120444,NA,1120444
1350363,"Genre/espèce humaine",1350363
1280310,NA,1280310
1210885,NA,1210885
610010,NA,610010
1200419,"Corps humain",1200419
510002,NA,510002
140538,NA,140538
1291448,NA,1291448
1410595,"Genre/espèce humaine",1410595
1120710,NA,1120710
790006,NA,790006
1020303,NA,1020303
770215,NA,770215
1270330,NA,1270330
1240077,"Personne à protéger",1240077
1120543,NA,1120543
460129,NA,460129
1300485,NA,1300485
1350485,"Individu ou sujet",1350485
1280089,NA,1280089
590142,NA,590142
1281048,NA,1281048
1250583,NA,1250583
1010069,"Sentiment humain",1010069
570709,NA,570709
140374,NA,140374
1210900,NA,1210900
1300390,NA,1300390
1250125,NA,1250125
500145,NA,500145
250034,NA,250034
1180091,NA,1180091
790295,"Personne relationnelle",790295
460020,"Genre/espèce humaine",460020
380020,"Genre/espèce humaine",380020
490008,NA,490008
700056,NA,700056
1270305,NA,1270305
1190155,NA,1190155
1070497,NA,1070497
1240844,NA,1240844
630112,"Personne responsable et autonome",630112
1280038,NA,1280038
140369,"Individu ou sujet",140369
1320391,NA,1320391
1280154,"Individu ou sujet",1280154
1120741,NA,1120741
810101,NA,810101
1240636,NA,1240636
140337,NA,140337
1290506,NA,1290506
1360026,NA,1360026
1410489,NA,1410489
1291296,"Genre/espèce humaine",1291296
1241067,NA,1241067
1210513,"Personne relationnelle",1210513
770148,NA,770148
870449,NA,870449
1290445,NA,1290445
1241006,NA,1241006
580367,"Personne à protéger",580367
1360729,NA,1360729
920101,NA,920101
820288,NA,820288
1370027,NA,1370027
1260444,NA,1260444
